time,cpu_pwr,gpu_pwr
0.2,0.09,0
0.4,0.09,0
0.6,0.09,0
0.8,0.09,0
1,0.09,0
1.2,0.09,0
1.4,0.09,0
1.6,0.09,0.06
1.8,0.09,0.06
2,0.13,0.07
2.2,0.13,0.07
2.4,0.12,0.07
2.6,0.1,0.01
2.8,0.1,0.04
3,0.1,0.04
3.2,0.11,0.06
3.4,0.1,0.05
3.6,0.09,0.02
3.8,0.12,0.02
4,0.12,0.02
4.2,0.67,0.02
4.4,0.09,0.01
4.6,0.09,0
4.8,0.09,0
5,0.09,0
5.2,0.16,0.07
5.4,0.16,0.04
5.6,0.16,0.04
5.8,0.18,0
6,1.98,0.03
6.2,0.28,0.02
6.4,0.28,0.02
6.6,0.11,0.11
6.8,0.1,0.14
7,0.09,0.07
7.2,0.09,0.07
7.4,0.09,0.04
7.6,0.09,0.02
7.8,0.09,0.05
8,0.09,0.05
8.2,0.09,0.06
8.4,0.09,0.03
8.6,0.09,0.02
8.8,0.09,0.02
9,0.11,0
9.2,0.5,0
9.4,1.29,0.04
9.6,1.29,0.04
9.8,0.95,0.03
10,0.8,0.12
10.2,0.3,0.16
10.4,0.11,0.02
10.6,0.11,0.02
10.8,0.1,0.14
11,0.09,0.02
11.2,0.09,0.02
11.4,0.09,0.02
11.6,0.09,0.02
11.8,0.16,0.1
12,1.95,0.12
12.2,1.95,0.12
12.4,2.71,0.12
12.6,2.74,0.08
12.8,2.76,0.13
13,2.76,0.13
13.2,2.76,0.11
13.4,2.77,0.09
13.6,2.78,0.09
13.8,2.78,0.09
14,2.79,0.05
14.2,3.43,0.05
14.4,4.55,0.05
14.6,4.55,0.05
14.8,4.35,0.14
15,3.61,0.15
15.2,2.61,0.13
15.4,2.61,0.13
15.6,2.59,0.11
15.8,2.59,0.12
16,3.79,0.06
16.2,4.34,0.12
16.4,4.34,0.12
16.6,4.36,0.13
16.8,4.38,0.12
17,4.4,0.12
17.2,4.4,0.12
17.4,5.8,0.08
17.6,5.8,0.07
17.8,6.09,0.06
18,6.09,0.06
18.2,7.25,0.11
18.4,6.95,0.12
18.6,7.03,0.05
18.8,7.03,0.05
19,7.08,0.06
19.2,6.64,0.06
19.4,6.18,0.09
19.6,6.18,0.09
19.8,6.64,0.16
20,6.4,0.14
20.2,6.1,0.08
20.4,6.1,0.08
20.6,6.18,0.05
20.8,5.58,0.09
21,5.99,0.15
21.2,5.99,0.15
21.4,5.66,0.15
21.6,5.25,0.16
21.8,5.79,0.17
22,5.79,0.17
22.2,5.29,0.15
22.4,5.48,0.14
22.6,5.55,0.12
22.8,5.71,0.12
23,5.71,0.12
23.2,5.26,0.16
23.4,5.95,0.13
23.6,4.7,0.1
23.8,4.7,0.1
24,5.45,0.06
24.2,5.79,0.07
24.4,4.6,0.06
24.6,4.6,0.06
24.8,4.19,0.04
25,4.44,0.1
25.2,4.27,0.08
25.4,4.27,0.08
25.6,4.3,0.13
25.8,5.81,0.15
26,5.99,0.15
26.2,5.99,0.15
26.4,5.31,0.14
26.6,5.5,0.16
26.8,4.73,0.13
27,4.73,0.13
27.2,4.55,0.11
27.4,4.55,0.06
27.6,5.07,0.06
27.8,5.07,0.06
28,5.46,0.09
28.2,5.3,0.08
28.4,4.98,0.06
28.6,4.75,0.07
28.8,4.75,0.07
29,4.34,0.16
29.2,4.34,0.14
29.4,4.37,0.15
29.6,4.37,0.15
29.8,4.37,0.15
30,4.35,0.11
30.2,4.32,0.12
30.4,4.32,0.12
30.6,4.31,0.13
30.8,3.15,0.1
31,2.56,0.07
31.2,2.56,0.07
31.4,2.89,0.09
31.6,7.38,0.15
31.8,6.76,0.15
32,6.76,0.15
32.2,4.21,0.14
32.4,3.46,0.17
32.6,4.61,0.15
32.8,4.61,0.15
33,4.62,0.1
33.2,3.49,0.09
33.4,4.68,0.06
33.6,4.68,0.06
33.8,4.56,0.06
34,3.46,0.06
34.2,4.69,0.06
34.4,4.69,0.06
34.6,4.37,0.07
34.8,3.42,0.08
35,4.82,0.1
35.2,4.22,0.14
35.4,4.22,0.14
35.6,3.46,0.15
35.8,5.01,0.16
36,4.21,0.17
36.2,4.21,0.17
36.4,3.53,0.17
36.6,5.02,0.12
36.8,4.14,0.08
37,4.14,0.08
37.2,3.53,0.07
37.4,4.81,0.07
37.6,4.35,0.05
37.8,4.35,0.05
38,2.88,0.06
38.2,3.24,0.11
38.4,3.55,0.12
38.6,3.55,0.12
38.8,3.72,0.15
39,3.48,0.16
39.2,3.47,0.16
39.4,3.47,0.16
39.6,3.49,0.15
39.8,3.55,0.17
40,3.47,0.11
40.2,3.47,0.11
40.4,3.57,0.07
40.6,3.41,0.06
40.8,3.31,0.05
41,3.64,0.05
41.2,3.64,0.05
41.4,3.73,0.06
41.6,3.57,0.08
41.8,3.8,0.09
42,3.8,0.09
42.2,3.84,0.14
42.4,3.5,0.15
42.6,3.82,0.16
42.8,3.82,0.16
43,3.73,0.15
43.2,3.59,0.16
43.4,3.66,0.1
43.6,3.66,0.1
43.8,4.12,0.06
44,4.43,0.1
44.2,4.32,0.03
44.4,4.32,0.03
44.6,4.37,0.03
44.8,4.39,0.02
45,4.14,0.03
45.2,4.14,0.03
45.4,4.28,0.02
45.6,4.26,0.11
45.8,3.92,0.16
46,3.92,0.16
46.2,4.27,0.15
46.4,4.27,0.16
46.6,3.96,0.17
46.8,3.96,0.17
47,4.37,0.14
47.2,4.39,0.1
47.4,4.03,0.08
47.6,4.33,0.06
47.8,4.33,0.06
48,4.31,0.07
48.2,3.95,0.05
48.4,4.24,0.03
48.6,4.24,0.03
48.8,4.16,0.08
49,3.95,0.04
49.2,4.19,0.09
49.4,4.19,0.09
49.6,4.24,0.16
49.8,4.03,0.2
50,3.48,0.15
50.2,3.48,0.15
50.4,5.13,0.13
50.6,4.14,0.11
50.8,4.06,0.08
51,4.06,0.08
51.2,4.3,0.07
51.4,4.23,0.06
51.6,3.91,0.05
51.8,3.91,0.05
52,4.24,0.06
52.2,4.23,0.09
52.4,3.9,0.15
52.6,3.9,0.15
52.8,4.22,0.16
53,4.26,0.16
53.2,3.9,0.16
53.4,4.3,0.16
53.6,4.3,0.16
53.8,4.3,0.16
54,3.94,0.15
54.2,4.29,0.13
54.4,4.29,0.13
54.6,4.25,0.08
54.8,3.92,0.07
55,4.2,0.06
55.2,4.2,0.06
55.4,4.24,0.07
55.6,4,0.04
55.8,3.96,0.05
56,3.96,0.05
56.2,4.19,0.13
56.4,4.29,0.15
56.6,3.44,0.16
56.8,3.44,0.16
57,2.12,0.15
57.2,0.93,0.14
57.4,0.26,0.15
57.6,0.26,0.15
57.8,2.93,0.15
58,2.96,0.17
58.2,2.97,0.15
58.4,2.97,0.15
58.6,2.96,0.14
58.8,3.04,0.08
59,2.96,0.07
59.2,2.96,0.07
59.4,2.96,0.06
59.6,3.88,0.06
59.8,4.48,0.07
60,4.23,0.08
60.2,4.23,0.08
60.4,3.37,0.14
60.6,2.73,0.16
60.8,2.71,0.14
61,2.71,0.14
61.2,2.7,0.14
61.4,3.99,0.13
61.6,3.88,0.14
61.8,3.88,0.14
62,3.7,0.11
62.2,3.71,0.08
62.4,3.77,0.06
62.6,3.77,0.06
62.8,4.32,0.06
63,4.14,0.05
63.2,4.55,0.06
63.4,4.55,0.06
63.6,3.96,0.09
63.8,4.27,0.12
64,4.2,0.14
64.2,4.2,0.14
64.4,3.63,0.14
64.6,4.38,0.17
64.8,4.48,0.12
65,4.48,0.12
65.2,4.03,0.07
65.4,4.3,0.07
65.6,4.33,0.06
65.8,3.94,0.06
66,3.94,0.04
66.2,4.26,0.1
66.4,4.33,0.16
66.6,4.06,0.17
66.8,4.06,0.17
67,4.38,0.19
67.2,4.34,0.15
67.4,3.74,0.16
67.6,3.74,0.16
67.8,4.25,0.13
68,4.19,0.08
68.2,3.83,0.07
68.4,3.83,0.07
68.6,3.72,0.06
68.8,4.94,0.14
69,3.55,0.07
69.2,3.55,0.07
69.4,3.54,0.07
69.6,3.85,0.08
69.8,3.48,0.09
70,3.48,0.09
70.2,3.58,0.06
70.4,3.61,0.06
70.6,3.76,0.05
70.8,3.76,0.05
71,4.03,0.05
71.2,4.14,0.07
71.4,4.1,0.06
71.6,3.94,0.06
71.8,3.94,0.04
72,4.12,0.11
72.2,4.42,0.12
72.4,4.49,0.13
72.6,4.49,0.13
72.8,4.5,0.14
73,5.19,0.12
73.2,5.06,0.1
73.4,5.06,0.1
73.6,4.69,0.08
73.8,4.84,0.09
74,4.13,0.12
74.2,4.13,0.12
74.4,4.26,0.09
74.6,4.27,0.14
74.8,4.27,0.15
75,4.27,0.15
75.2,4.26,0.15
75.4,4.26,0.11
75.6,4.26,0.11
75.8,4.26,0.11
76,3.81,0.08
76.2,2.08,0.03
76.4,3.01,0.03
76.6,3.01,0.03
76.8,4.59,0.05
77,4.22,0.11
77.2,4.24,0.16
77.4,4.24,0.16
77.6,4.11,0.18
77.8,3.81,0.19
78,4.07,0.18
78.2,3.96,0.18
78.4,3.96,0.16
78.6,3.67,0.14
78.8,4.07,0.1
79,4.14,0.06
79.2,4.14,0.06
79.4,3.79,0.06
79.6,4.23,0.06
79.8,4.23,0.05
80,4.23,0.05
80.2,3.81,0.06
80.4,4.09,0.1
80.6,4.04,0.12
80.8,4.04,0.12
81,3.7,0.16
81.2,3.89,0.15
81.4,3.95,0.14
81.6,3.95,0.14
81.8,3.78,0.15
82,3.94,0.14
82.2,4.14,0.09
82.4,4.14,0.09
82.6,3.71,0.06
82.8,5.03,0.05
83,4.96,0.06
83.2,4.96,0.06
83.4,4.66,0.06
83.6,4.33,0.07
83.8,4.54,0.08
84,4.54,0.08
84.2,4.48,0.1
84.4,4.05,0.13
84.6,4.45,0.13
84.8,4.53,0.15
85,4.53,0.15
85.2,4.16,0.15
85.4,4.71,0.17
85.6,4.78,0.14
85.8,4.78,0.14
86,4.24,0.1
86.2,4.76,0.04
86.4,4.7,0.05
86.6,4.7,0.05
86.8,4.2,0.06
87,4.49,0.06
87.2,4.46,0.07
87.4,4.46,0.07
87.6,4.09,0.1
87.8,4.38,0.1
88,4.54,0.1
88.2,4.54,0.1
88.4,4.36,0.14
88.6,4.38,0.15
88.8,4.68,0.16
89,4.68,0.16
89.2,4.71,0.15
89.4,4.68,0.12
89.6,4.42,0.09
89.8,4.42,0.09
90,4.68,0.07
90.2,4.36,0.07
90.4,4.14,0.05
90.6,4.14,0.05
90.8,4.44,0.06
91,4.43,0.06
91.2,4.07,0.08
91.4,4.62,0.12
91.6,4.62,0.12
91.8,4.58,0.16
92,4.24,0.16
92.2,4.74,0.14
92.4,4.74,0.14
92.6,4.72,0.15
92.8,4.24,0.15
93,4.47,0.09
93.2,4.47,0.09
93.4,4.51,0.08
93.6,3.97,0.05
93.8,4.34,0.03
94,4.34,0.03
94.2,4.39,0.03
94.4,4.24,0.03
94.6,4.2,0.08
94.8,4.2,0.08
95,4.6,0.13
95.2,4.43,0.12
95.4,4.47,0.12
95.6,4.47,0.12
95.8,4.22,0.14
96,2.56,0.15
96.2,1.77,0.14
96.4,1.77,0.14
96.6,0.61,0.06
96.8,2.42,0.07
97,2.96,0.17
97.2,2.96,0.12
97.4,2.96,0.12
97.6,2.95,0.11
97.8,2.96,0.07
98,2.95,0.06
98.2,2.95,0.06
98.4,2.95,0.07
98.6,3.39,0.06
98.8,4.43,0.04
99,4.43,0.04
99.2,4.46,0.06
99.4,3.95,0.04
99.6,2.7,0.06
99.8,2.7,0.06
100,2.68,0.08
100.2,2.67,0.15
100.4,3.6,0.15
100.6,3.6,0.15
100.8,4.38,0.13
101,4.4,0.12
101.2,4.42,0.13
101.4,4.42,0.13
101.6,4.43,0.11
101.8,5.37,0.07
102,5.24,0.14
102.2,5.24,0.14
102.4,5.25,0.09
102.6,4.92,0.08
102.8,4.16,0.1
103,4.31,0.14
103.2,4.31,0.14
103.4,4.09,0.14
103.6,3.66,0.15
103.8,4.55,0.16
104,4.55,0.16
104.2,4.42,0.11
104.4,4.17,0.07
104.6,4.52,0.06
104.8,4.52,0.06
105,4.44,0.07
105.2,4.18,0.07
105.4,4.47,0.12
105.6,4.47,0.12
105.8,4.47,0.14
106,4.3,0.14
106.2,4.09,0.16
106.4,4.09,0.16
106.6,4.14,0.16
106.8,4.16,0.16
107,3.95,0.08
107.2,3.95,0.08
107.4,4.25,0.08
107.6,4.26,0.06
107.8,4.13,0.07
108,4.13,0.07
108.2,3.89,0.09
108.4,4.24,0.09
108.6,3.95,0.05
108.8,3.95,0.05
109,4.42,0.06
109.2,4.04,0.08
109.4,3.75,0.06
109.6,3.52,0.05
109.8,3.52,0.05
110,3.56,0.05
110.2,4.15,0.04
110.4,3.92,0.04
110.6,3.92,0.04
110.8,4.1,0.11
111,4.17,0.15
111.2,3.66,0.16
111.4,3.66,0.16
111.6,4.18,0.13
111.8,4.16,0.1
112,4.36,0.11
112.2,4.36,0.11
112.4,4.15,0.12
112.6,4.11,0.09
112.8,3.91,0.11
113,3.91,0.11
113.2,3.66,0.06
113.4,3.74,0.07
113.6,3.53,0.05
113.8,3.53,0.05
114,3.55,0.04
114.2,3.82,0.06
114.4,3.56,0.1
114.6,3.56,0.1
114.8,3.78,0.08
115,3.82,0.09
115.2,2.84,0.1
115.4,1.6,0.09
115.6,1.6,0.09
115.8,2.81,0.08
116,4.75,0.07
116.2,4.27,0.13
116.4,4.27,0.13
116.6,4.25,0.17
116.8,4.31,0.18
117,4.03,0.03
117.2,4.03,0.03
117.4,4.43,0.14
117.6,4.49,0.14
117.8,4.02,0.1
118,4.02,0.1
118.2,4.42,0.1
118.4,4.43,0.08
118.6,3.96,0.07
118.8,3.96,0.07
119,4.32,0.07
119.2,4.29,0.05
119.4,3.87,0.08
119.6,3.87,0.08
119.8,4.12,0.14
120,4.19,0.15
120.2,3.94,0.15
120.4,3.94,0.15
120.6,4.09,0.14
120.8,4.33,0.16
121,4.17,0.16
121.2,4.17,0.16
121.4,4.17,0.12
121.6,4.44,0.07
121.8,3.86,0.05
122,5.66,0.08
122.2,5.66,0.08
122.4,4.96,0.06
122.6,4.82,0.06
122.8,4.6,0.06
123,4.6,0.06
123.2,4.27,0.06
123.4,4.64,0.08
123.6,4.65,0.13
123.8,4.65,0.13
124,4.23,0.14
124.2,4.82,0.15
124.4,4.91,0.15
124.6,4.91,0.15
124.8,4.41,0.16
125,4.98,0.15
125.2,4.97,0.12
125.4,4.97,0.12
125.6,4.26,0.11
125.8,4.72,0.06
126,4.57,0.07
126.2,4.57,0.07
126.4,4.18,0.06
126.6,4.44,0.05
126.8,4.45,0.06
127,4.45,0.06
127.2,4.35,0.11
127.4,4.51,0.12
127.6,4.73,0.03
127.8,4.66,0.03
128,4.66,0.13
128.2,4.47,0.16
128.4,4.67,0.16
128.6,4.64,0.14
128.8,4.64,0.14
129,4.1,0.11
129.2,4.64,0.06
129.4,4.39,0.06
129.6,4.39,0.06
129.8,4.09,0.07
130,4.57,0.04
130.2,4.55,0.05
130.4,4.55,0.05
130.6,4.09,0.09
130.8,4.78,0.14
131,4.72,0.14
131.2,4.72,0.14
131.4,4.34,0.16
131.6,4.73,0.16
131.8,4.69,0.16
132,4.69,0.16
132.2,4.1,0.15
132.4,4.39,0.09
132.6,4.39,0.1
132.8,4.39,0.1
133,4.13,0.06
133.2,4.21,0.06
133.4,4.62,0.07
133.6,4.62,0.07
133.8,4.42,0.05
134,4.35,0.07
134.2,4.82,0.12
134.4,4.43,0.15
134.6,4.43,0.15
134.8,4.27,0.16
135,1.72,0.13
135.2,2.13,0.11
135.4,2.13,0.11
135.6,0.75,0.17
135.8,2.94,0.18
136,2.95,0.14
136.2,2.95,0.14
136.4,3.02,0.09
136.6,2.95,0.09
136.8,2.95,0.08
137,2.95,0.08
137.2,2.94,0.06
137.4,2.93,0.08
137.6,3.2,0.03
137.8,3.2,0.03
138,4.42,0.11
138.2,4.46,0.07
138.4,3.83,0.06
138.6,3.83,0.06
138.8,2.71,0.12
139,2.68,0.12
139.2,2.68,0.08
139.4,2.68,0.08
139.6,2.66,0.12
139.8,3.47,0.12
140,4.38,0.12
140.2,4.11,0.13
140.4,4.11,0.13
140.6,4.01,0.14
140.8,3.95,0.12
141,4.71,0.06
141.2,4.71,0.06
141.4,4.35,0.05
141.6,4.26,0.06
141.8,4.83,0.05
142,4.83,0.05
142.2,4.49,0.07
142.4,4.23,0.1
142.6,4.52,0.15
142.8,4.52,0.15
143,4.76,0.12
143.2,4.44,0.12
143.4,4.55,0.15
143.6,4.55,0.15
143.8,4.7,0.14
144,4.11,0.06
144.2,4.6,0.06
144.4,4.6,0.06
144.6,4.57,0.06
144.8,4.06,0.1
145,4.34,0.14
145.2,4.34,0.14
145.4,4.25,0.15
145.6,4.02,0.15
145.8,4.09,0.15
146,4.09,0.15
146.2,4.28,0.16
146.4,4.17,0.15
146.6,4.23,0.1
146.8,4.25,0.07
147,4.25,0.07
147.2,3.71,0.09
147.4,4.07,0.15
147.6,3.64,0.11
147.8,3.64,0.11
148,3.81,0.07
148.2,3.68,0.02
148.4,4.23,0.06
148.6,4.23,0.06
148.8,4.24,0.03
149,4.24,0.05
149.2,5.08,0.13
149.4,5.08,0.13
149.6,4.29,0.11
149.8,4.06,0.14
150,4.34,0.15
150.2,4.34,0.15
150.4,3.72,0.15
150.6,4.21,0.15
150.8,3.97,0.16
151,3.97,0.16
151.2,4.18,0.12
151.4,4.18,0.05
151.6,4.18,0.06
151.8,4.18,0.06
152,4.21,0.06
152.2,3.78,0.06
152.4,4.21,0.06
152.6,4.22,0.05
152.8,4.22,0.05
153,4.21,0.03
153.2,4.21,0.05
153.4,4.21,0.05
153.6,4.21,0.05
153.8,4.21,0.08
154,4.21,0.11
154.2,2.85,0.12
154.4,2.85,0.12
154.6,1.99,0.1
154.8,2.21,0.07
155,5.07,0.05
155.2,5.07,0.05
155.4,4.56,0.05
155.6,4.16,0.11
155.8,4.16,0.14
156,4.16,0.14
156.2,4.6,0.16
156.4,4.55,0.16
156.6,4.06,0.15
156.8,4.06,0.15
157,4.43,0.16
157.2,4.42,0.16
157.4,3.96,0.14
157.6,3.96,0.14
157.8,4.3,0.1
158,4.27,0.1
158.2,3.86,0.07
158.4,3.86,0.07
158.6,4.11,0.02
158.8,4.19,0.04
159,3.97,0.06
159.2,4.11,0.08
159.4,4.11,0.08
159.6,4.36,0.14
159.8,4.2,0.12
160,4.17,0.14
160.2,4.17,0.14
160.4,4.44,0.15
160.6,4.22,0.15
160.8,4.05,0.15
161,4.05,0.15
161.2,3.88,0.11
161.4,4.54,0.08
161.6,3.87,0.06
161.8,3.87,0.06
162,4.21,0.05
162.2,4.25,0.06
162.4,3.86,0.06
162.6,3.86,0.06
162.8,4.37,0.06
163,4.44,0.09
163.2,3.99,0.15
163.4,3.99,0.15
163.6,4.44,0.14
163.8,4.42,0.15
164,3.95,0.13
164.2,3.95,0.13
164.4,4.24,0.16
164.6,4.22,0.14
164.8,3.89,0.09
165,4.09,0.09
165.2,4.09,0.07
165.4,4.24,0.07
165.6,4.06,0.06
165.8,4.15,0.06
166,4.15,0.06
166.2,4.43,0.06
166.4,4.23,0.07
166.6,4.17,0.12
166.8,4.17,0.12
167,4.41,0.15
167.2,3.83,0.14
167.4,5.46,0.12
167.6,5.46,0.12
167.8,4.72,0.19
168,4.61,0.19
168.2,4.23,0.12
168.4,4.23,0.12
168.6,4.78,0.09
168.8,4.88,0.02
169,4.37,0.08
169.2,4.37,0.08
169.4,5.05,0.06
169.6,4.96,0.06
169.8,4.38,0.07
170,4.38,0.07
170.2,4.88,0.09
170.4,4.81,0.1
170.6,4.39,0.15
170.8,4.39,0.15
171,4.37,0.15
171.2,4.66,0.15
171.4,4.17,0.16
171.6,4.4,0.15
171.8,4.4,0.15
172,4.82,0.1
172.2,4.47,0.09
172.4,4.57,0.06
172.6,4.57,0.06
172.8,4.53,0.06
173,4.9,0.06
173.2,4.5,0.06
173.4,4.5,0.06
173.6,4.44,0.08
173.8,4.79,0.1
174,4.82,0.11
174.2,4.82,0.11
174.4,4.08,0.16
174.6,4.42,0.16
174.8,4.54,0.13
175,4.54,0.13
175.2,4.05,0.15
175.4,4.62,0.16
175.6,4.72,0.15
175.8,4.72,0.15
176,4.21,0.09
176.2,4.87,0.07
176.4,4.87,0.08
176.6,4.87,0.08
176.8,4.33,0.07
177,4.51,0.06
177.2,4.57,0.06
177.4,3.98,0.06
177.6,3.98,0.1
177.8,4.39,0.13
178,4.54,0.16
178.2,4.16,0.15
178.4,4.16,0.15
178.6,4.45,0.16
178.8,4.72,0.16
179,4.55,0.07
179.2,4.55,0.07
179.4,4.51,0.07
179.6,4.78,0.09
179.8,4.5,0.13
180,4.5,0.13
180.2,4.14,0.07
180.4,2.61,0.06
180.6,2.13,0.06
180.8,2.13,0.06
181,0.34,0.05
181.2,0.59,0.09
181.4,2.92,0.15
181.6,2.92,0.15
181.8,2.94,0.07
182,2.95,0.13
182.2,2.95,0.13
182.4,2.95,0.13
182.6,2.95,0.15
182.8,2.94,0.16
183,2.94,0.14
183.2,2.94,0.14
183.4,4.15,0.14
183.6,4.47,0.1
183.8,4.49,0.08
184,3.24,0.07
184.2,3.24,0.07
184.4,2.69,0.06
184.6,2.67,0.05
184.8,2.84,0.06
185,2.84,0.06
185.2,4.38,0.07
185.4,4.42,0.09
185.6,4.44,0.09
185.8,4.44,0.09
186,4.46,0.15
186.2,4.52,0.16
186.4,4.43,0.15
186.6,4.43,0.15
186.8,4.2,0.15
187,4.86,0.14
187.2,4.34,0.11
187.4,4.34,0.11
187.6,4.19,0.09
187.8,4.59,0.06
188,4.27,0.1
188.2,4.27,0.1
188.4,5.04,0.14
188.6,4.59,0.06
188.8,4.6,0.08
189,4.6,0.08
189.2,4.09,0.13
189.4,4.09,0.07
189.6,4.52,0.13
189.8,4.36,0.13
190,4.36,0.07
190.2,4,0.07
190.4,4.27,0.05
190.6,4.49,0.05
190.8,4.49,0.05
191,4.2,0.05
191.2,4.41,0.06
191.4,4.46,0.08
191.6,4.46,0.08
191.8,4.18,0.14
192,4.2,0.14
192.2,4.54,0.15
192.4,4.54,0.15
192.6,3.57,0.08
192.8,4.24,0.11
193,4.2,0.1
193.2,4.2,0.1
193.4,3.62,0.06
193.6,3.51,0.09
193.8,4.2,0.09
194,4.2,0.09
194.2,4.23,0.07
194.4,4.23,0.12
194.6,4.72,0.12
194.8,4.72,0.12
195,4.74,0.14
195.2,4.17,0.11
195.4,4.43,0.08
195.6,4.33,0.09
195.8,4.33,0.09
196,3.55,0.07
196.2,3.87,0.13
196.4,3.88,0.14
196.6,3.88,0.14
196.8,4.22,0.14
197,4.09,0.15
197.2,4.14,0.15
197.4,4.14,0.15
197.6,3.96,0.16
197.8,4.03,0.16
198,4.22,0.14
198.2,4.22,0.14
198.4,4.22,0.08
198.6,4.22,0.08
198.8,4.22,0.06
199,4.22,0.06
199.2,4.22,0.05
199.4,4.22,0.02
199.6,3.7,0.02
199.8,3.7,0.02
200,2.39,0.19
200.2,1.99,0.11
200.4,5.12,0.15
200.6,5.12,0.15
200.8,4.74,0.1
201,4.3,0.07
201.2,4.57,0.07
201.4,4.57,0.07
201.6,4.57,0.06
201.8,4.07,0.05
202,4.56,0.05
202.2,4.6,0.05
202.4,4.6,0.07
202.6,4.1,0.1
202.8,4.53,0.13
203,4.42,0.15
203.2,4.42,0.15
203.4,4.07,0.14
203.6,4.32,0.15
203.8,4.45,0.16
204,4.45,0.16
204.2,4.1,0.14
204.4,4.19,0.11
204.6,4.41,0.07
204.8,4.41,0.07
205,4.18,0.06
205.2,4.14,0.06
205.4,4.41,0.06
205.6,4.41,0.06
205.8,4.14,0.05
206,4.16,0.07
206.2,4.09,0.12
206.4,4.09,0.12
206.6,4.23,0.15
206.8,4.84,0.16
207,4.24,0.15
207.2,4.24,0.15
207.4,4.74,0.16
207.6,4.57,0.16
207.8,4.25,0.12
208,4.25,0.12
208.2,4.76,0.07
208.4,4.62,0.06
208.6,4.09,0.06
208.8,4.44,0.06
209,4.44,0.06
209.2,4.55,0.06
209.4,3.98,0.06
209.6,4.37,0.07
209.8,4.37,0.07
210,4.52,0.07
210.2,4.17,0.08
210.4,4.49,0.17
210.6,4.49,0.17
210.8,4.68,0.19
211,4.25,0.16
211.2,4.4,0.16
211.4,4.4,0.16
211.6,4.6,0.15
211.8,4.22,0.1
212,4.08,0.08
212.2,4.08,0.08
212.4,4.43,0.06
212.6,3.72,0.06
212.8,5.56,0.05
213,5.56,0.05
213.2,5.13,0.06
213.4,4.92,0.08
213.6,4.78,0.12
213.8,4.78,0.12
214,5.27,0.15
214.2,5.1,0.14
214.4,4.61,0.14
214.6,5.08,0.14
214.8,5.08,0.16
215,4.96,0.16
215.2,4.24,0.15
215.4,4.79,0.11
215.6,4.79,0.11
215.8,4.84,0.11
216,4.17,0.06
216.2,4.86,0.06
216.4,4.86,0.06
216.6,5.11,0.06
216.8,4.51,0.07
217,4.9,0.1
217.2,4.9,0.1
217.4,5.11,0.14
217.6,4.53,0.17
217.8,4.67,0.16
218,4.67,0.16
218.2,4.88,0.14
218.4,4.4,0.17
218.6,4.45,0.16
218.8,4.45,0.16
219,4.68,0.12
219.2,4.66,0.07
219.4,4.3,0.09
219.6,4.3,0.09
219.8,5,0.06
220,4.76,0.07
220.2,4.43,0.02
220.4,4.43,0.02
220.6,5.09,0.06
220.8,4.9,0.13
221,4.23,0.16
221.2,4.83,0.18
221.4,4.83,0.18
221.6,4.74,0.2
221.8,3.99,0.13
222,4.75,0.12
222.2,4.75,0.12
222.4,4.8,0.11
222.6,4.4,0.08
222.8,4.24,0.04
223,4.24,0.04
223.2,4.87,0.04
223.4,5.01,0.03
223.6,4.47,0.02
223.8,4.47,0.02
224,4.63,0.05
224.2,4.9,0.1
224.4,4.41,0.14
224.6,4.41,0.14
224.8,4.22,0.14
225,4.71,0.15
225.2,4.38,0.15
225.4,4.38,0.15
225.6,4.19,0.15
225.8,3.43,0.16
226,2.69,0.13
226.2,2.69,0.13
226.4,0.52,0.09
226.6,0.17,0.08
226.8,2.54,0.08
227,2.95,0.07
227.2,2.95,0.07
227.4,2.95,0.06
227.6,2.95,0.05
227.8,2.95,0.07
228,2.95,0.07
228.2,2.94,0.06
228.4,2.94,0.05
228.6,3.53,0.1
228.8,3.53,0.1
229,4.34,0.14
229.2,3.97,0.12
229.4,3.41,0.14
229.6,3.41,0.14
229.8,2.69,0.13
230,2.68,0.12
230.2,2.67,0.13
230.4,2.67,0.13
230.6,3.8,0.06
230.8,3.92,0.04
231,3.83,0.05
231.2,3.83,0.05
231.4,3.82,0.05
231.6,3.88,0.07
231.8,4.65,0.05
232,4.65,0.05
232.2,4.23,0.07
232.4,4.92,0.11
232.6,4.92,0.14
232.8,4.92,0.14
233,4.63,0.13
233.2,5,0.15
233.4,4.6,0.15
233.6,3.85,0.1
233.8,3.85,0.1
234,5.12,0.07
234.2,4.69,0.1
234.4,4.16,0.06
234.6,4.16,0.06
234.8,4.63,0.05
235,4.76,0.05
235.2,4.37,0.06
235.4,4.37,0.06
235.6,4.75,0.09
235.8,4.94,0.15
236,4.35,0.15
236.2,4.35,0.15
236.4,4.53,0.16
236.6,4.75,0.17
236.8,4.31,0.17
237,4.31,0.17
237.2,4.43,0.16
237.4,4.66,0.11
237.6,4.32,0.06
237.8,4.32,0.06
238,4.4,0.06
238.2,4.05,0.06
238.4,3.59,0.05
238.6,3.59,0.05
238.8,3.43,0.07
239,3.57,0.07
239.2,3.73,0.03
239.4,3.67,0.04
239.6,3.67,0.04
239.8,3.65,0.05
240,3.72,0.07
240.2,4.63,0.07
240.4,4.63,0.07
240.6,3.92,0.11
240.8,4.32,0.02
241,4.31,0.08
241.2,4.31,0.08
241.4,3.94,0.07
241.6,4.49,0.09
241.8,4.5,0.05
242,4.5,0.05
242.2,5.06,0.02
242.4,5.32,0.03
242.6,5.2,0.04
242.8,5.2,0.04
243,4.97,0.09
243.2,4.45,0.03
243.4,4.28,0.17
243.6,4.28,0.17
243.8,4.28,0.16
244,4.28,0.16
244.2,4.27,0.15
244.4,4.27,0.15
244.6,4.26,0.16
244.8,4.26,0.1
245,4.26,0.13
245.2,2.3,0.13
245.4,2.3,0.13
245.6,1.68,0.11
245.8,1.44,0.08
246,5.43,0.14
246.2,5.43,0.14
246.4,4.64,0.16
246.6,4.78,0.15
246.8,4.72,0.15
247,4.72,0.15
247.2,4.2,0.15
247.4,4.5,0.11
247.6,4.56,0.17
247.8,4.56,0.17
248,4.05,0.18
248.2,4.52,0.15
248.4,4.73,0.09
248.6,4.73,0.09
248.8,4.28,0.06
249,4.54,0.05
249.2,4.76,0.06
249.4,4.76,0.06
249.6,4.33,0.05
249.8,4.35,0.04
250,4.58,0.09
250.2,4.58,0.09
250.4,4.25,0.14
250.6,4.2,0.16
250.8,4.54,0.16
251,4.54,0.16
251.2,4.34,0.08
251.4,4.17,0.04
251.6,4.64,0.07
251.8,4.64,0.07
252,4.12,0.08
252.2,5.08,0.03
252.4,5.35,0.02
252.6,5.19,0.03
252.8,5.19,0.03
253,4.55,0.09
253.2,5.11,0.12
253.4,5.09,0.16
253.6,5.09,0.16
253.8,4.3,0.18
254,4.85,0.19
254.2,5,0.15
254.4,5,0.15
254.6,4.29,0.16
254.8,4.97,0.14
255,5.2,0.09
255.2,5.2,0.09
255.4,4.62,0.07
255.6,4.85,0.06
255.8,5.14,0.03
256,5.14,0.03
256.2,5.14,0.04
256.4,4.57,0.07
256.6,4.41,0.13
256.8,4.41,0.13
257,4.82,0.14
257.2,4.53,0.16
257.4,4.29,0.15
257.6,4.29,0.15
257.8,4.92,0.16
258,4.68,0.16
258.2,4.53,0.13
258.4,4.63,0.08
258.6,4.63,0.08
258.8,5.33,0.08
259,4.22,0.07
259.2,5.01,0.07
259.4,5.01,0.07
259.6,4.89,0.06
259.8,4.03,0.07
260,4.77,0.11
260.2,4.77,0.11
260.4,4.84,0.15
260.6,4.08,0.15
260.8,4.82,0.15
261,4.82,0.15
261.2,4.99,0.14
261.4,4.39,0.14
261.6,4.83,0.05
261.8,4.83,0.05
262,5.01,0.15
262.2,4.49,0.09
262.4,4.4,0.04
262.6,4.4,0.04
262.8,4.79,0.04
263,4.35,0.07
263.2,4.3,0.06
263.4,4.3,0.06
263.6,4.71,0.06
263.8,4.41,0.09
264,4.27,0.14
264.2,5.08,0.14
264.4,5.08,0.16
264.6,4.66,0.14
264.8,4.27,0.16
265,1.79,0.15
265.2,1.79,0.15
265.4,1.83,0.15
265.6,0.16,0.11
265.8,0.71,0.1
266,0.71,0.1
266.2,2.92,0.1
266.4,2.94,0.09
266.6,2.95,0.07
266.8,2.95,0.07
267,2.95,0.07
267.2,2.95,0.04
267.4,2.94,0.03
267.6,2.94,0.03
267.8,2.97,0.03
268,4.21,0.07
268.2,4.49,0.14
268.4,4.49,0.14
268.6,4.5,0.07
268.8,3.51,0.08
269,2.71,0.06
269.2,2.71,0.06
269.4,2.69,0.09
269.6,2.88,0.13
269.8,4.37,0.12
270,4.37,0.12
270.2,4.42,0.14
270.4,4.43,0.12
270.6,4.45,0.11
270.8,4.91,0.07
271,4.91,0.07
271.2,5.06,0.07
271.4,4.47,0.12
271.6,5.18,0.04
271.8,5.18,0.04
272,4.79,0.12
272.2,4.28,0.15
272.4,4.75,0.15
272.6,4.75,0.15
272.8,4.75,0.14
273,4.18,0.08
273.2,4.32,0.05
273.4,4.32,0.05
273.6,4.67,0.09
273.8,4.78,0.08
274,4.28,0.1
274.2,4.28,0.1
274.4,4.75,0.14
274.6,4.97,0.15
274.8,4.57,0.15
275,4.57,0.15
275.2,4.55,0.16
275.4,4.73,0.16
275.6,4.28,0.14
275.8,4.28,0.14
276,4.24,0.12
276.2,4.58,0.06
276.4,4.38,0.06
276.6,4.25,0.06
276.8,4.25,0.07
277,4.73,0.06
277.2,3.5,0.08
277.4,3.75,0.09
277.6,3.75,0.09
277.8,4.54,0.06
278,3.7,0.07
278.2,3.29,0.06
278.4,3.29,0.06
278.6,3.81,0.07
278.8,3.61,0.07
279,3.62,0.13
279.2,3.62,0.13
279.4,4.08,0.15
279.6,4.2,0.14
279.8,3.91,0.11
280,3.91,0.11
280.2,4.17,0.16
280.4,4.3,0.16
280.6,3.5,0.13
280.8,3.5,0.13
281,3.91,0.08
281.2,3.82,0.08
281.4,4.55,0.05
281.6,4.55,0.05
281.8,4.13,0.08
282,4.34,0.05
282.2,4.14,0.06
282.4,4.14,0.06
282.6,3.55,0.14
282.8,3.72,0.12
283,3.68,0.14
283.2,3.65,0.13
283.4,3.65,0.13
283.6,3.72,0.09
283.8,3.69,0.11
284,3.62,0.05
284.2,3.62,0.05
284.4,3.31,0.1
284.6,2.25,0.09
284.8,0.39,0.11
285,0.39,0.11
285.2,5.5,0.1
285.4,5.03,0.14
285.6,4.27,0.14
285.8,4.27,0.14
286,4.65,0.15
286.2,4.8,0.15
286.4,4.39,0.16
286.6,4.39,0.16
286.8,4.65,0.11
287,4.84,0.07
287.2,4.36,0.07
287.4,4.36,0.07
287.6,4.49,0.06
287.8,4.7,0.06
288,4.3,0.06
288.2,4.3,0.06
288.4,4.25,0.05
288.6,4.55,0.08
288.8,4.27,0.13
289,4.21,0.13
289.2,4.21,0.15
289.4,4.53,0.15
289.6,4.64,0.16
289.8,4.48,0.15
290,4.48,0.15
290.2,4.31,0.16
290.4,4.71,0.11
290.6,4.66,0.08
290.8,4.66,0.08
291,4.15,0.06
291.2,4.6,0.07
291.4,4.24,0.09
291.6,4.24,0.09
291.8,4.27,0.06
292,4.43,0.07
292.2,4.48,0.04
292.4,4.48,0.04
292.6,3.92,0.11
292.8,4.45,0.13
293,4.66,0.16
293.2,4.66,0.16
293.4,4.17,0.15
293.6,4.47,0.16
293.8,4.6,0.14
294,4.6,0.14
294.2,4.25,0.09
294.4,4.31,0.07
294.6,4.41,0.07
294.8,4.41,0.07
295,4.15,0.05
295.2,4.03,0.06
295.4,4.39,0.06
295.6,4.23,0.1
295.8,4.23,0.1
296,4.05,0.1
296.2,4.59,0.1
296.4,4.4,0.13
296.6,4.4,0.13
296.8,4.19,0.16
297,4.57,0.16
297.2,4.5,0.15
297.4,4.5,0.15
297.6,3.93,0.13
297.8,5.41,0.11
298,5.06,0.07
298.2,5.06,0.07
298.4,4.37,0.06
298.6,5,0.08
298.8,5.01,0.07
299,5.01,0.07
299.2,4.46,0.06
299.4,4.97,0.07
299.6,5.14,0.11
299.8,5.14,0.11
300,4.54,0.11
300.2,4.81,0.14
300.4,5.09,0.14
300.6,5.09,0.14
300.8,4.52,0.15
301,4.49,0.16
301.2,4.87,0.14
301.4,4.87,0.14
301.6,4.47,0.09
301.8,4.38,0.09
302,4.91,0.07
302.2,4.68,0.06
302.4,4.68,0.06
302.6,4.51,0.04
302.8,5.04,0.03
303,4.92,0.09
303.2,4.92,0.09
303.4,4.45,0.14
303.6,4.95,0.16
303.8,4.49,0.14
304,4.49,0.14
304.2,4.4,0.14
304.4,4.67,0.17
304.6,4.84,0.14
304.8,4.84,0.14
305,4.04,0.12
305.2,4.82,0.08
305.4,5,0.07
305.6,5,0.07
305.8,4.33,0.08
306,4.88,0.06
306.2,5.21,0.07
306.4,5.21,0.07
306.6,5.24,0.07
306.8,4.5,0.13
307,4.87,0.15
307.2,4.87,0.15
307.4,5.21,0.18
307.6,4.46,0.15
307.8,4.43,0.15
308,4.9,0.17
308.2,4.9,0.17
308.4,4.25,0.11
308.6,4.2,0.09
308.8,4.91,0.05
309,4.91,0.05
309.2,4.64,0.06
309.4,4.37,0.06
309.6,5.22,0.06
309.8,5.22,0.06
310,4.94,0.02
310.2,4.38,0.09
310.4,3.96,0.12
310.6,3.96,0.12
310.8,2.01,0.06
311,0.62,0.16
311.2,0.32,0.15
311.4,0.32,0.15
311.6,2.93,0.15
311.8,2.97,0.16
312,2.97,0.13
312.2,2.97,0.13
312.4,2.96,0.09
312.6,2.96,0.02
312.8,2.96,0.02
313,2.96,0.02
313.2,2.97,0.06
313.4,3.51,0.06
313.6,4.47,0.05
313.8,4.5,0.06
314,4.5,0.06
314.2,3.54,0.05
314.4,2.73,0.07
314.6,2.7,0.07
314.8,2.7,0.07
315,2.68,0.08
315.2,3.81,0.05
315.4,4.42,0.08
315.6,4.42,0.08
315.8,4.44,0.12
316,4.45,0.13
316.2,4.46,0.13
316.4,4.46,0.13
316.6,5.46,0.12
316.8,4.48,0.07
317,4.89,0.09
317.2,4.89,0.09
317.4,5.13,0.1
317.6,4.3,0.1
317.8,4.74,0.07
318,4.74,0.07
318.2,4.6,0.08
318.4,3.87,0.1
318.6,5,0.16
318.8,5,0.16
319,5.15,0.15
319.2,4.63,0.15
319.4,4.87,0.07
319.6,4.87,0.07
319.8,5.05,0.06
320,4.54,0.05
320.2,4.57,0.05
320.4,4.84,0.07
320.6,4.84,0.07
320.8,4.47,0.12
321,4.25,0.15
321.2,4.85,0.15
321.4,4.85,0.15
321.6,4.54,0.15
321.8,4.34,0.16
322,4.99,0.16
322.2,4.99,0.16
322.4,4.57,0.14
322.6,4.43,0.16
322.8,5.16,0.15
323,5.16,0.15
323.2,5.09,0.05
323.4,4.73,0.06
323.6,4.22,0.11
323.8,4.22,0.11
324,3.85,0.09
324.2,3.57,0.06
324.4,3.36,0.07
324.6,3.36,0.07
324.8,3.54,0.06
325,4.58,0.04
325.2,4.05,0.08
325.4,4.05,0.08
325.6,4.36,0.12
325.8,4.54,0.15
326,3.58,0.16
326.2,3.58,0.16
326.4,3.95,0.15
326.6,4,0.14
326.8,4.41,0.14
327,4.14,0.13
327.2,4.14,0.13
327.4,4.33,0.05
327.6,4.16,0.06
327.8,3.63,0.07
328,3.63,0.07
328.2,3.76,0.06
328.4,3.75,0.06
328.6,3.71,0.07
328.8,3.71,0.07
329,3.86,0.12
329.2,4.21,0.13
329.4,4.22,0.11
329.6,4.22,0.11
329.8,4.22,0.15
330,2.47,0.15
330.2,1.76,0.13
330.4,1.76,0.13
330.6,3.47,0.13
330.8,5.22,0.03
331,4.65,0.02
331.2,4.65,0.02
331.4,4.95,0.03
331.6,5.15,0.09
331.8,4.67,0.11
332,4.67,0.11
332.2,4.85,0.14
332.4,5.11,0.15
332.6,4.49,0.15
332.8,4.72,0.15
333,4.72,0.15
333.2,5.09,0.15
333.4,4.48,0.1
333.6,4.56,0.01
333.8,4.56,0.01
334,4.97,0.06
334.2,4.58,0.06
334.4,4.45,0.06
334.6,4.45,0.06
334.8,4.99,0.06
335,4.67,0.07
335.2,4.41,0.13
335.4,4.41,0.13
335.6,4.98,0.14
335.8,4.7,0.16
336,4.33,0.16
336.2,4.33,0.16
336.4,4.84,0.16
336.6,4.53,0.15
336.8,4.37,0.15
337,4.37,0.15
337.2,4.69,0.09
337.4,4.76,0.09
337.6,4.16,0.07
337.8,4.16,0.07
338,4.55,0.05
338.2,4.92,0.06
338.4,4.27,0.06
338.6,4.57,0.06
338.8,4.57,0.1
339,4.95,0.13
339.2,4.32,0.13
339.4,4.32,0.15
339.6,4.32,0.15
339.8,4.5,0.17
340,4.83,0.15
340.2,4.3,0.16
340.4,4.3,0.16
340.6,4.32,0.11
340.8,4.81,0.09
341,4.44,0.07
341.2,4.44,0.07
341.4,4.22,0.07
341.6,4.93,0.04
341.8,4.63,0.06
342,4.63,0.06
342.2,4.28,0.09
342.4,4.91,0.12
342.6,4.61,0.15
342.8,4.61,0.15
343,4.59,0.09
343.2,5.5,0.16
343.4,5.22,0.15
343.6,5.22,0.15
343.8,4.63,0.1
344,4.99,0.11
344.2,5.2,0.06
344.4,5.2,0.06
344.6,4.44,0.07
344.8,4.96,0.07
345,5.43,0.07
345.2,4.6,0.06
345.4,4.6,0.06
345.6,4.93,0.07
345.8,5.43,0.1
346,4.53,0.13
346.2,4.53,0.13
346.4,4.69,0.15
346.6,5.25,0.16
346.8,4.67,0.16
347,4.67,0.16
347.2,4.51,0.16
347.4,5.28,0.16
347.6,4.96,0.1
347.8,4.96,0.1
348,4.6,0.1
348.2,5.43,0.09
348.4,5.07,0.06
348.6,5.07,0.06
348.8,4.61,0.08
349,5.36,0.06
349.2,4.11,0.07
349.4,4.11,0.07
349.6,4.82,0.07
349.8,5.02,0.11
350,5.16,0.16
350.2,5.16,0.16
350.4,4.37,0.16
350.6,4.95,0.16
350.8,5.39,0.16
351,5.39,0.16
351.2,4.53,0.16
351.4,4.98,0.12
351.6,5.4,0.08
351.8,4.58,0.08
352,4.58,0.08
352.2,4.76,0.06
352.4,5.19,0.09
352.6,4.43,0.06
352.8,4.43,0.06
353,4.41,0.05
353.2,5.04,0.06
353.4,4.73,0.12
353.6,4.73,0.12
353.8,4.41,0.15
354,5.26,0.13
354.2,4.95,0.08
354.4,4.95,0.08
354.6,4.43,0.15
354.8,5.28,0.1
355,5.04,0.09
355.2,5.04,0.09
355.4,4.29,0.09
355.6,4.47,0.07
355.8,2.7,0.06
356,2.7,0.06
356.2,2.7,0.08
356.4,1.1,0.08
356.6,2.51,0.06
356.8,2.51,0.06
357,3.03,0.06
357.2,3.02,0.05
357.4,3.01,0.06
357.6,3,0.16
357.8,3,0.16
358,2.99,0.15
358.2,2.99,0.15
358.4,2.98,0.17
358.6,2.98,0.17
358.8,3.93,0.15
359,3.9,0.11
359.2,3.8,0.07
359.4,3.8,0.07
359.6,3.02,0.06
359.8,2.71,0.04
360,2.7,0.02
360.2,2.7,0.02
360.4,2.69,0.02
360.6,4.14,0.05
360.8,4.04,0.05
361,4.04,0.05
361.2,3.91,0.04
361.4,3.85,0.05
361.6,3.95,0.08
361.8,3.95,0.08
362,4.7,0.09
362.2,4.35,0.16
362.4,5.01,0.14
362.6,5.01,0.14
362.8,5.23,0.09
363,4.69,0.07
363.2,4.96,0.06
363.4,4.96,0.06
363.6,4.66,0.12
363.8,4.9,0.06
364,4.77,0.14
364.2,5.27,0.07
364.4,5.27,0.07
364.6,4.49,0.19
364.8,4.61,0.17
365,5.01,0.17
365.2,5.01,0.17
365.4,4.57,0.11
365.6,4.49,0.07
365.8,5,0.04
366,5,0.04
366.2,4.74,0.03
366.4,4.51,0.06
366.6,5.11,0.05
366.8,5.11,0.05
367,4.84,0.08
367.2,4.5,0.12
367.4,4.97,0.14
367.6,4.97,0.14
367.8,4.02,0.14
368,4.71,0.09
368.2,4.13,0.11
368.4,4.13,0.11
368.6,3.68,0.14
368.8,3.42,0.16
369,4.02,0.16
369.2,4.02,0.16
369.4,4.27,0.16
369.6,4.28,0.16
369.8,4.48,0.1
370,5.05,0.13
370.2,5.05,0.13
370.4,4.21,0.11
370.6,4.34,0.05
370.8,4.49,0.04
371,4.49,0.04
371.2,3.4,0.05
371.4,3.67,0.08
371.6,3.78,0.11
371.8,3.78,0.11
372,4.37,0.15
372.2,4,0.15
372.4,4.47,0.12
372.6,4.47,0.12
372.8,4.31,0.13
373,4.28,0.15
373.2,3.95,0.12
373.4,3.95,0.12
373.6,4.27,0.07
373.8,4.28,0.08
374,4.27,0.07
374.2,4.27,0.07
374.4,4.27,0.09
374.6,4.27,0.03
374.8,4.26,0.03
375,4.26,0.03
375.2,4.08,0.17
375.4,2.62,0.04
375.6,1.01,0.13
375.8,1.01,0.13
376,5.62,0.1
376.2,5.42,0.06
376.4,4.75,0.03
376.6,4.93,0.04
376.8,4.93,0.04
377,5.2,0.06
377.2,4.57,0.06
377.4,4.61,0.09
377.6,4.61,0.09
377.8,4.97,0.13
378,4.54,0.14
378.2,4.49,0.14
378.4,4.49,0.14
378.6,4.99,0.15
378.8,4.68,0.15
379,4.39,0.16
379.2,4.39,0.16
379.4,5.02,0.14
379.6,4.74,0.09
379.8,4.26,0.08
380,4.26,0.08
380.2,4.95,0.07
380.4,4.65,0.06
380.6,4.17,0.05
380.8,4.17,0.05
381,4.76,0.06
381.2,4.67,0.09
381.4,4.15,0.14
381.6,4.15,0.14
381.8,4.49,0.11
382,5.54,0.16
382.2,4.88,0.18
382.4,5.15,0.18
382.6,5.15,0.18
382.8,5.62,0.19
383,4.75,0.18
383.2,4.91,0.1
383.4,4.91,0.1
383.6,5.38,0.08
383.8,4.55,0.04
384,4.63,0.03
384.2,4.63,0.03
384.4,5.21,0.02
384.6,4.69,0.02
384.8,4.42,0.05
385,4.42,0.05
385.2,5.3,0.06
385.4,5,0.02
385.6,4.59,0.16
385.8,4.59,0.16
386,5.43,0.15
386.2,5.08,0.16
386.4,4.61,0.17
386.6,4.61,0.17
386.8,5.26,0.13
387,5.03,0.09
387.2,4.43,0.07
387.4,4.43,0.07
387.6,5.03,0.06
387.8,5.18,0.06
388,4.44,0.06
388.2,4.44,0.06
388.4,4.91,0.08
388.6,5.35,0.09
388.8,4.59,0.13
389,4.98,0.16
389.2,4.98,0.16
389.4,5.3,0.16
389.6,5.47,0.19
389.8,4.62,0.17
390,4.62,0.17
390.2,4.75,0.17
390.4,5.19,0.14
390.6,4.58,0.1
390.8,4.58,0.1
391,4.52,0.05
391.2,5.04,0.02
391.4,4.75,0.05
391.6,4.75,0.05
391.8,4.49,0.06
392,5.26,0.09
392.2,4.94,0.13
392.4,4.94,0.13
392.6,4.47,0.17
392.8,5.21,0.16
393,4.93,0.15
393.2,4.93,0.15
393.4,4.21,0.15
393.6,4.93,0.14
393.8,4.94,0.1
394,4.94,0.1
394.2,4.1,0.07
394.4,4.75,0.07
394.6,5.22,0.05
394.8,2.31,0.11
395,2.31,0.11
395.2,1.44,0.09
395.4,0.21,0.04
395.6,3.05,0.06
395.8,3.05,0.06
396,3.02,0.05
396.2,3.02,0.1
396.4,3.01,0.15
396.6,3.01,0.15
396.8,3.01,0.12
397,2.99,0.07
397.2,2.99,0.12
397.4,2.99,0.12
397.6,3.26,0.12
397.8,4.27,0.14
398,4.06,0.12
398.2,4.06,0.12
398.4,3.9,0.07
398.6,3.06,0.06
398.8,2.73,0.06
399,2.73,0.06
399.2,2.71,0.06
399.4,3.44,0.06
399.6,4.08,0.06
399.8,4.08,0.06
400,3.91,0.09
400.2,3.99,0.14
400.4,4.04,0.14
400.6,4.64,0.14
400.8,4.64,0.11
401,5,0.16
401.2,5.32,0.16
401.4,5.42,0.14
401.6,5.42,0.14
401.8,5,0.1
402,5.33,0.07
402.2,4.66,0.06
402.4,4.66,0.06
402.6,4.7,0.05
402.8,5.69,0.12
403,4.93,0.07
403.2,4.93,0.07
403.4,5.04,0.06
403.6,5.85,0.14
403.8,5.35,0.16
404,5.35,0.16
404.2,5.36,0.11
404.4,5.93,0.07
404.6,5.26,0.06
404.8,5.26,0.06
405,5.17,0.06
405.2,5.75,0.06
405.4,5.12,0.06
405.6,5.12,0.06
405.8,4.91,0.04
406,4.81,0.09
406.2,5.38,0.15
406.4,5.38,0.15
406.6,5.14,0.15
406.8,4.89,0.15
407,3.88,0.11
407.2,4.71,0.14
407.4,4.71,0.14
407.6,4.16,0.07
407.8,4.37,0.1
408,4.18,0.1
408.2,4.18,0.1
408.4,3.63,0.13
408.6,3.59,0.11
408.8,3.67,0.07
409,3.67,0.07
409.2,5.09,0.06
409.4,5.32,0.06
409.6,5.5,0.06
409.8,5.5,0.06
410,5.24,0.07
410.2,4.47,0.07
410.4,4.61,0.1
410.6,4.61,0.1
410.8,4.62,0.12
411,4.88,0.15
411.2,5.25,0.15
411.4,5.25,0.15
411.6,4.63,0.14
411.8,4.49,0.12
412,4.56,0.13
412.2,4.56,0.13
412.4,3.56,0.14
412.6,3.69,0.13
412.8,3.79,0.12
413,3.76,0.12
413.2,3.76,0.08
413.4,3.77,0.07
413.6,3.89,0.04
413.8,3.97,0.05
414,3.97,0.05
414.2,2.54,0.04
414.4,2.07,0.04
414.6,0.26,0.06
414.8,0.26,0.06
415,4.93,0.06
415.2,5.83,0.06
415.4,6.16,0.06
415.6,6.16,0.06
415.8,5.65,0.05
416,5.56,0.03
416.2,6.09,0.05
416.4,6.09,0.05
416.6,5.33,0.12
416.8,5.28,0.12
417,6.05,0.16
417.2,6.05,0.16
417.4,5.25,0.15
417.6,5.24,0.16
417.8,6,0.17
418,6,0.17
418.2,5.48,0.17
418.4,4.94,0.14
418.6,5.73,0.11
418.8,5.73,0.11
419,5.26,0.09
419.2,5.53,0.1
419.4,5.07,0.06
419.6,5.07,0.06
419.8,5.26,0.06
420,5.02,0.06
420.2,5.39,0.09
420.4,5.13,0.14
420.6,5.13,0.14
420.8,4.93,0.15
421,4.34,0.14
421.2,6.11,0.14
421.4,6.11,0.14
421.6,5.53,0.16
421.8,4.78,0.16
422,5.4,0.13
422.2,5.4,0.13
422.4,5.16,0.09
422.6,5.1,0.08
422.8,4.92,0.06
423,4.92,0.06
423.2,5.75,0.04
423.4,5.43,0.02
423.6,4.75,0.04
423.8,4.75,0.04
424,5.1,0.09
424.2,4.8,0.16
424.4,4.19,0.16
424.6,4.19,0.16
424.8,4.88,0.16
425,5.22,0.16
425.2,4.59,0.17
425.4,4.59,0.17
425.6,5.46,0.12
425.8,5.59,0.08
426,5.17,0.04
426.2,5.24,0.02
426.4,5.24,0.02
426.6,5.26,0.03
426.8,4.66,0.02
427,4.54,0.06
427.2,4.54,0.06
427.4,5.02,0.11
427.6,4.89,0.13
427.8,4.62,0.15
428,4.62,0.15
428.2,5.12,0.16
428.4,5.47,0.16
428.6,4.97,0.17
428.8,4.97,0.17
429,5.59,0.12
429.2,5.46,0.08
429.4,4.38,0.08
429.6,4.38,0.08
429.8,5.1,0.06
430,4.96,0.07
430.2,4.21,0.08
430.4,4.21,0.08
430.6,4.85,0.1
430.8,4.99,0.14
431,4.89,0.14
431.2,4.89,0.14
431.4,5.32,0.15
431.6,5.25,0.16
431.8,5.08,0.16
432,5.08,0.16
432.2,5.08,0.16
432.4,4.92,0.09
432.6,5.22,0.1
432.8,4.96,0.08
433,4.96,0.08
433.2,4.91,0.07
433.4,4.82,0.07
433.6,4.59,0.06
433.8,4.59,0.06
434,3.85,0.09
434.2,2.47,0.09
434.4,1.63,0.07
434.6,1.63,0.07
434.8,3.09,0.08
435,3.08,0.09
435.2,3.08,0.13
435.4,3.08,0.13
435.6,3.06,0.15
435.8,3.05,0.15
436,3.04,0.16
436.2,3.04,0.16
436.4,3.03,0.16
436.6,3.07,0.05
436.8,4.52,0.05
437,4.52,0.05
437.2,4.55,0.08
437.4,4.58,0.09
437.6,2.91,0.09
437.8,2.76,0.09
438,2.76,0.05
438.2,2.73,0.05
438.4,3.19,0.06
438.6,4.46,0.04
438.8,4.46,0.04
439,4.5,0.15
439.2,4.5,0.12
439.4,4.51,0.09
439.6,4.51,0.09
439.8,4.53,0.12
440,5.27,0.13
440.2,5.76,0.13
440.4,5.76,0.13
440.6,5.69,0.09
440.8,6.71,0.08
441,6.15,0.07
441.2,6.15,0.07
441.4,6.19,0.06
441.6,6.67,0.06
441.8,5.33,0.12
442,5.33,0.12
442.2,5.88,0.12
442.4,6.06,0.14
442.6,5.42,0.14
442.8,5.42,0.14
443,5.46,0.17
443.2,6.07,0.17
443.4,5.4,0.14
443.6,5.4,0.14
443.8,5.52,0.08
444,5.71,0.07
444.2,5.81,0.05
444.4,5.15,0.06
444.6,5.15,0.06
444.8,5.41,0.06
445,5.24,0.06
445.2,5.39,0.11
445.4,5.39,0.11
445.6,5.11,0.17
445.8,5.33,0.17
446,3.92,0.16
446.2,3.92,0.16
446.4,5,0.16
446.6,5.07,0.14
446.8,4.31,0.04
447,4.31,0.04
447.2,3.95,0.09
447.4,4.36,0.09
447.6,4.25,0.09
447.8,4.25,0.09
448,4.23,0.08
448.2,5.09,0.11
448.4,5.73,0.07
448.6,5.73,0.07
448.8,5.88,0.06
449,5.84,0.06
449.2,4.81,0.16
449.4,4.81,0.16
449.6,4.47,0.16
449.8,4.54,0.1
450,4.53,0.11
450.2,6.06,0.11
450.4,6.06,0.11
450.6,5.9,0.13
450.8,4.09,0.13
451,3.94,0.13
451.2,3.94,0.13
451.4,3.29,0.13
451.6,4.35,0.08
451.8,4.35,0.06
452,4.35,0.06
452.2,4.35,0.06
452.4,4.34,0.06
452.6,4.34,0.05
452.8,4.34,0.05
453,4.34,0.04
453.2,3.59,0.05
453.4,1.88,0.08
453.6,1.88,0.08
453.8,4.61,0.06
454,4.39,0.06
454.2,4.81,0.06
454.4,4.81,0.06
454.6,5.4,0.06
454.8,3.89,0.07
455,4.63,0.11
455.2,4.63,0.11
455.4,5.07,0.14
455.6,5.07,0.15
455.8,3.63,0.13
456,3.63,0.13
456.2,4.58,0.15
456.4,4.79,0.16
456.6,3.65,0.14
456.8,4.76,0.11
457,4.76,0.11
457.2,4.78,0.06
457.4,3.69,0.03
457.6,4.83,0.03
457.8,4.83,0.03
458,4.72,0.03
458.2,3.67,0.06
458.4,4.85,0.1
458.6,4.85,0.1
458.8,4.56,0.13
459,3.64,0.15
459.2,4.83,0.15
459.4,4.83,0.15
459.6,4.37,0.16
459.8,3.57,0.16
460,4.81,0.15
460.2,4.81,0.15
460.4,4.67,0.09
460.6,3.53,0.08
460.8,5.18,0.07
461,5.18,0.07
461.2,4.16,0.06
461.4,3.54,0.05
461.6,5.14,0.06
461.8,5.14,0.06
462,3.98,0.07
462.2,3.65,0.13
462.4,5.15,0.15
462.6,5.15,0.15
462.8,3.92,0.16
463,3.91,0.15
463.2,5.02,0.15
463.4,4.03,0.16
463.6,4.03,0.16
463.8,3.95,0.11
464,5.17,0.08
464.2,3.76,0.07
464.4,3.76,0.07
464.6,4.04,0.07
464.8,4.99,0.05
465,3.58,0.06
465.2,3.58,0.06
465.4,4.18,0.09
465.6,4.99,0.13
465.8,3.55,0.15
466,3.55,0.15
466.2,4.15,0.13
466.4,4.03,0.15
466.6,3.98,0.16
466.8,3.98,0.16
467,3.94,0.16
467.2,3.95,0.08
467.4,3.99,0.1
467.6,3.99,0.1
467.8,4.11,0.07
468,4.06,0.07
468.2,4.18,0.05
468.4,4.18,0.05
468.6,4.11,0.05
468.8,4.28,0.06
469,4.2,0.06
469.2,4.26,0.06
469.4,4.26,0.1
469.6,4.19,0.15
469.8,3.98,0.16
470,4.16,0.18
470.2,4.16,0.18
470.4,4.15,0.19
470.6,4.1,0.19
470.8,4.08,0.15
471,4.08,0.15
471.2,4.16,0.08
471.4,4.03,0.08
471.6,4.25,0.07
471.8,4.25,0.07
472,4.27,0.06
472.2,4.27,0.06
472.4,4.22,0.07
472.6,4.22,0.07
472.8,3.91,0.07
473,4.34,0.1
473.2,4.11,0.11
473.4,4.11,0.11
473.6,4.06,0.11
473.8,4.1,0.15
474,4.11,0.16
474.2,4.11,0.16
474.4,4.13,0.16
474.6,4.24,0.17
474.8,4.25,0.16
475,4.25,0.16
475.2,4.18,0.14
475.4,4.28,0.07
475.6,4.27,0.02
475.8,4.12,0.03
476,4.12,0.03
476.2,4.16,0.02
476.4,4.13,0.03
476.6,4.09,0.07
476.8,4.09,0.07
477,3.95,0.08
477.2,4.18,0.15
477.4,3.77,0.1
477.6,3.77,0.1
477.8,4.29,0.06
478,4.08,0.12
478.2,4.04,0.08
478.4,4.04,0.08
478.6,4.36,0.05
478.8,4.21,0.03
479,4.13,0.02
479.2,4.13,0.02
479.4,2.29,0.07
479.6,1.36,0.05
479.8,0.19,0.1
480,0.19,0.1
480.2,2.9,0.07
480.4,2.98,0.06
480.6,2.95,0.12
480.8,2.95,0.12
481,2.95,0.14
481.2,2.94,0.15
481.4,2.94,0.14
481.6,2.94,0.12
481.8,2.94,0.12
482,3.15,0.16
482.2,4.44,0.13
482.4,4.48,0.08
482.6,4.48,0.08
482.8,3.96,0.07
483,2.72,0.06
483.2,2.7,0.05
483.4,2.7,0.05
483.6,2.69,0.07
483.8,3.41,0.13
484,4.11,0.08
484.2,4.11,0.08
484.4,4.09,0.14
484.6,4.06,0.14
484.8,3.91,0.14
485,3.91,0.14
485.2,4.39,0.11
485.4,4.06,0.08
485.6,4.03,0.08
485.8,4.03,0.08
486,4.43,0.09
486.2,4.25,0.06
486.4,4.15,0.06
486.6,4.15,0.06
486.8,3.96,0.06
487,3.78,0.07
487.2,4.63,0.13
487.4,4.63,0.13
487.6,4.07,0.1
487.8,4.38,0.1
488,4.17,0.05
488.2,3.99,0.12
488.4,3.99,0.12
488.6,4.18,0.13
488.8,4.14,0.08
489,4.16,0.07
489.2,4.16,0.07
489.4,3.9,0.06
489.6,4.17,0.05
489.8,4.16,0.06
490,4.16,0.06
490.2,3.92,0.06
490.4,4.18,0.1
490.6,4.29,0.14
490.8,4.29,0.14
491,4.08,0.14
491.2,4.59,0.08
491.4,3.98,0.05
491.6,3.98,0.05
491.8,4.42,0.05
492,4.04,0.04
492.2,3.62,0.06
492.4,3.62,0.06
492.6,3.48,0.08
492.8,3.55,0.12
493,3.59,0.12
493.2,3.59,0.12
493.4,3.94,0.13
493.6,4.45,0.14
493.8,4.1,0.12
494,4.05,0.12
494.2,4.05,0.12
494.4,4.11,0.11
494.6,4.18,0.11
494.8,4.49,0.08
495,4.49,0.08
495.2,4.49,0.13
495.4,4.72,0.16
495.6,5.32,0.15
495.8,5.32,0.15
496,5.04,0.14
496.2,5.03,0.11
496.4,4.45,0.11
496.6,4.45,0.11
496.8,4.27,0.06
497,4.27,0.06
497.2,4.28,0.08
497.4,4.28,0.08
497.6,4.27,0.11
497.8,4.26,0.07
498,4.25,0.05
498.2,4.25,0.05
498.4,4.25,0.02
498.6,2.79,0.17
498.8,1.62,0.16
499,1.62,0.16
499.2,2.78,0.15
499.4,4.82,0.11
499.6,4.32,0.08
499.8,4.32,0.08
500,4.1,0.05
500.2,4.25,0.06
500.4,4.43,0.06
500.6,4.19,0.03
500.8,4.19,0.03
501,4.33,0.06
501.2,4.25,0.12
501.4,4.16,0.13
501.6,4.16,0.13
501.8,4.05,0.15
502,4.07,0.15
502.2,4.08,0.16
502.4,4.08,0.16
502.6,3.64,0.15
502.8,3.94,0.13
503,4.12,0.13
503.2,4.12,0.13
503.4,3.7,0.08
503.6,4.25,0.07
503.8,4.2,0.05
504,4.2,0.05
504.2,3.93,0.03
504.4,4.35,0.03
504.6,4.19,0.03
504.8,4.19,0.03
505,3.9,0.05
505.2,4.04,0.12
505.4,4.1,0.15
505.6,4.1,0.15
505.8,4.16,0.16
506,3.68,0.15
506.2,3.88,0.16
506.4,3.99,0.14
506.6,3.99,0.14
506.8,3.84,0.09
507,3.98,0.07
507.2,4.19,0.05
507.4,4.19,0.05
507.6,4.05,0.06
507.8,3.99,0.06
508,4.18,0.06
508.2,4.18,0.06
508.4,4.03,0.06
508.6,3.79,0.1
508.8,4.01,0.06
509,4.01,0.06
509.2,3.94,0.18
509.4,3.63,0.16
509.6,3.99,0.16
509.8,3.99,0.16
510,4.06,0.16
510.2,3.75,0.12
510.4,4.18,0.09
510.6,4.18,0.09
510.8,4.23,0.08
511,3.83,0.06
511.2,4.18,0.06
511.4,4.18,0.06
511.6,4.57,0.04
511.8,4.81,0.06
512,4.83,0.06
512.2,4.83,0.06
512.4,4.8,0.13
512.6,4.28,0.15
512.8,4.6,0.15
513,4.74,0.15
513.2,4.74,0.15
513.4,4.56,0.16
513.6,4.63,0.16
513.8,4.91,0.12
514,4.91,0.12
514.2,4.53,0.08
514.4,4.62,0.09
514.6,4.98,0.08
514.8,4.98,0.08
515,4.56,0.07
515.2,4.44,0.07
515.4,4.67,0.07
515.6,4.67,0.07
515.8,4.51,0.1
516,4.04,0.12
516.2,4.51,0.16
516.4,4.51,0.16
516.6,4.58,0.15
516.8,4.07,0.16
517,4.77,0.16
517.2,4.77,0.16
517.4,4.99,0.15
517.6,4.16,0.11
517.8,4.14,0.07
518,4.14,0.07
518.2,6.04,0.11
518.4,4.05,0.06
518.6,4.41,0.07
518.8,4.51,0.07
519,4.51,0.03
519.2,4.05,0.06
519.4,4.37,0.13
519.6,4.66,0.17
519.8,4.66,0.17
520,4.43,0.19
520.2,4.53,0.13
520.4,4.92,0.13
520.6,4.92,0.13
520.8,4.63,0.18
521,4.51,0.19
521.2,4.82,0.13
521.4,4.82,0.13
521.6,4.53,0.08
521.8,4.18,0.06
522,4.39,0.06
522.2,4.39,0.06
522.4,4.56,0.06
522.6,4.53,0.06
522.8,4.06,0.09
523,4.06,0.09
523.2,4.7,0.13
523.4,4.8,0.16
523.6,4.25,0.15
523.8,4.25,0.15
524,4.92,0.16
524.2,4.93,0.15
524.4,3.77,0.18
524.6,1.98,0.18
524.8,1.98,0.18
525,1.72,0.09
525.2,1.06,0.08
525.4,2.96,0.12
525.6,2.96,0.12
525.8,2.98,0.09
526,2.97,0.07
526.2,2.97,0.07
526.4,2.97,0.07
526.6,2.96,0.07
526.8,2.96,0.06
527,2.95,0.06
527.2,2.95,0.06
527.4,3.49,0.1
527.6,4.46,0.1
527.8,4.48,0.04
528,4.48,0.04
528.2,3.63,0.1
528.4,2.71,0.1
528.6,2.69,0.12
528.8,2.69,0.12
529,2.67,0.09
529.2,3.81,0.04
529.4,4.42,0.04
529.6,4.42,0.04
529.8,4.07,0.07
530,3.85,0.06
530.2,3.98,0.06
530.4,3.98,0.06
530.6,4.59,0.06
530.8,4.39,0.07
531,4.26,0.09
531.2,4.4,0.13
531.4,4.4,0.13
531.6,4.52,0.16
531.8,4.17,0.16
532,4.2,0.14
532.2,4.2,0.14
532.4,5.18,0.05
532.6,4.53,0.11
532.8,4.18,0.09
533,4.18,0.09
533.2,4.56,0.05
533.4,4.24,0.09
533.6,4.3,0.14
533.8,4.3,0.14
534,4.55,0.15
534.2,4.22,0.15
534.4,4,0.15
534.6,4,0.15
534.8,4.29,0.16
535,4.25,0.16
535.2,3.81,0.12
535.4,3.81,0.12
535.6,4.23,0.08
535.8,4.43,0.07
536,4.34,0.05
536.2,4.34,0.05
536.4,4.67,0.06
536.6,3.96,0.11
536.8,4.03,0.07
537,4.03,0.07
537.2,3.86,0.07
537.4,3.71,0.05
537.6,3.76,0.04
537.8,4.25,0.04
538,4.25,0.04
538.2,4.25,0.07
538.4,4.25,0.1
538.6,5.08,0.08
538.8,5.08,0.08
539,4.73,0.05
539.2,4.5,0.09
539.4,4.16,0.09
539.6,4.16,0.09
539.8,4.37,0.02
540,3.88,0.1
540.2,3.89,0.11
540.4,3.89,0.11
540.6,3.88,0.08
540.8,4.38,0.07
541,4.32,0.05
541.2,4.32,0.05
541.4,4.18,0.06
541.6,4.34,0.05
541.8,3.87,0.06
542,3.87,0.06
542.2,4.23,0.11
542.4,4.24,0.11
542.6,4.24,0.07
542.8,4.24,0.07
543,4.23,0.1
543.2,4.24,0.12
543.4,4.24,0.13
543.6,4.24,0.13
543.8,4.24,0.13
544,3.04,0.1
544.2,2.56,0.07
544.4,4.15,0.12
544.6,4.15,0.12
544.8,4.85,0.15
545,4.8,0.15
545.2,4.38,0.16
545.4,4.38,0.16
545.6,4.75,0.16
545.8,4.79,0.16
546,4.41,0.15
546.2,4.41,0.15
546.4,4.47,0.13
546.6,4.68,0.08
546.8,4.28,0.12
547,4.28,0.12
547.2,4.23,0.1
547.4,4.55,0.06
547.6,4.26,0.06
547.8,4.26,0.06
548,4.2,0.06
548.2,4.64,0.09
548.4,4.48,0.14
548.6,4.48,0.14
548.8,4.3,0.15
549,4.8,0.15
549.2,4.64,0.15
549.4,4.64,0.15
549.6,4.22,0.16
549.8,4.69,0.06
550,4.59,0.07
550.2,4.02,0.06
550.4,4.02,0.06
550.6,4.59,0.05
550.8,4.51,0.06
551,4.04,0.06
551.2,4.04,0.06
551.4,4.54,0.06
551.6,4.64,0.1
551.8,4.28,0.13
552,4.28,0.13
552.2,4.52,0.16
552.4,4.76,0.15
552.6,4.29,0.15
552.8,4.29,0.15
553,4.32,0.16
553.2,4.61,0.16
553.4,4.09,0.1
553.6,4.09,0.1
553.8,4.14,0.07
554,4.43,0.06
554.2,4.23,0.06
554.4,4.23,0.06
554.6,4.15,0.05
554.8,4.54,0.05
555,4.48,0.1
555.2,4.48,0.1
555.4,4.2,0.1
555.6,4.48,0.13
555.8,4.61,0.13
556,4.56,0.15
556.2,4.56,0.15
556.4,3.96,0.15
556.6,4.44,0.16
556.8,4.95,0.13
557,4.95,0.13
557.2,4.36,0.15
557.4,4.99,0.09
557.6,5.1,0.06
557.8,5.1,0.06
558,4.54,0.09
558.2,5.1,0.05
558.4,5.25,0.03
558.6,5.25,0.03
558.8,4.7,0.02
559,4.89,0.05
559.2,5.09,0.12
559.4,5.09,0.12
559.6,4.59,0.16
559.8,4.58,0.17
560,4.86,0.13
560.2,4.86,0.13
560.4,4.55,0.09
560.6,4.38,0.16
560.8,4.9,0.12
561,4.9,0.12
561.2,4.66,0.07
561.4,4.5,0.09
561.6,5.15,0.08
561.8,5.15,0.08
562,4.93,0.07
562.2,4.44,0.06
562.4,5.07,0.07
562.6,4.91,0.09
562.8,4.91,0.09
563,4.1,0.15
563.2,4.56,0.13
563.4,4.92,0.19
563.6,4.92,0.19
563.8,4.08,0.18
564,4.76,0.19
564.2,4.99,0.16
564.4,4.99,0.16
564.6,4.41,0.1
564.8,4.82,0.05
565,5.14,0.05
565.2,5.14,0.05
565.4,4.59,0.05
565.6,4.66,0.06
565.8,4.94,0.07
566,4.94,0.07
566.2,4.39,0.11
566.4,4.29,0.15
566.6,4.84,0.16
566.8,4.84,0.16
567,4.53,0.16
567.2,4.27,0.15
567.4,5.03,0.16
567.6,5.03,0.16
567.8,4.8,0.13
568,4.4,0.09
568.2,5.07,0.09
568.4,4.78,0.08
568.6,4.78,0.08
568.8,4.2,0.06
569,4.86,0.07
569.2,4.64,0.07
569.4,4.64,0.07
569.6,1.58,0.11
569.8,2.61,0.06
570,0.48,0.06
570.2,0.48,0.06
570.4,0.26,0.02
570.6,3.01,0.09
570.8,2.94,0.05
571,2.94,0.05
571.2,2.95,0.08
571.4,2.94,0.08
571.6,2.95,0.09
571.8,2.95,0.09
572,2.94,0.15
572.2,2.93,0.13
572.4,3.83,0.13
572.6,3.83,0.13
572.8,3.85,0.14
573,4.46,0.12
573.2,4.49,0.11
573.4,4.49,0.11
573.6,3.63,0.09
573.8,2.71,0.08
574,2.68,0.04
574.2,2.67,0.04
574.4,2.67,0.04
574.6,4.14,0.04
574.8,4.39,0.08
575,4.41,0.09
575.2,4.41,0.09
575.4,4.42,0.12
575.6,4.49,0.09
575.8,5.03,0.12
576,5.03,0.12
576.2,4.3,0.05
576.4,4.53,0.06
576.6,4.64,0.07
576.8,4.64,0.07
577,4.87,0.07
577.2,4.46,0.06
577.4,4.41,0.05
577.6,4.41,0.05
577.8,4.54,0.14
578,4.74,0.13
578.2,4.67,0.12
578.4,4.67,0.12
578.6,4.8,0.14
578.8,4.4,0.08
579,4.44,0.06
579.2,4.44,0.06
579.4,4.75,0.06
579.6,4.49,0.05
579.8,4.37,0.05
580,4.37,0.05
580.2,4.69,0.07
580.4,4.53,0.12
580.6,4.3,0.1
580.8,4.82,0.16
581,4.82,0.16
581.2,4.77,0.18
581.4,4.26,0.19
581.6,4.47,0.19
581.8,4.47,0.19
582,5,0.11
582.2,4.68,0.07
582.4,4.3,0.08
582.6,4.3,0.08
582.8,4.51,0.16
583,4.02,0.13
583.2,4.28,0.08
583.4,4.28,0.08
583.6,4.28,0.07
583.8,4.38,0.07
584,4.89,0.07
584.2,4.89,0.07
584.4,4.38,0.06
584.6,4.1,0.06
584.8,4.29,0.09
585,4.29,0.09
585.2,4.43,0.12
585.4,4.51,0.13
585.6,4.51,0.15
585.8,4.51,0.15
586,5.21,0.16
586.2,4.1,0.15
586.4,4.04,0.15
586.6,4.04,0.15
586.8,4.31,0.06
587,3.66,0.09
587.2,3.85,0.06
587.4,3.75,0.06
587.6,3.75,0.06
587.8,3.91,0.06
588,3.82,0.06
588.2,3.81,0.07
588.4,3.81,0.07
588.6,4.01,0.09
588.8,3.57,0.12
589,2.48,0.15
589.2,2.48,0.15
589.4,2.48,0.13
589.6,0.96,0.07
589.8,4.23,0.07
590,4.23,0.07
590.2,5.08,0.06
590.4,5.03,0.06
590.6,4.48,0.06
590.8,4.48,0.06
591,4.66,0.03
591.2,4.88,0.05
591.4,4.41,0.1
591.6,4.41,0.1
591.8,4.33,0.15
592,4.52,0.16
592.2,4.23,0.15
592.4,4.23,0.15
592.6,4.16,0.15
592.8,4.56,0.15
593,4.4,0.14
593.2,4.26,0.07
593.4,4.26,0.07
593.6,4.76,0.07
593.8,4.59,0.06
594,4.24,0.05
594.2,4.24,0.05
594.4,4.72,0.06
594.6,4.59,0.07
594.8,4.04,0.1
595,4.04,0.1
595.2,4.5,0.15
595.4,4.53,0.14
595.6,3.98,0.16
595.8,3.98,0.16
596,4.42,0.15
596.2,4.66,0.15
596.4,4.21,0.15
596.6,4.21,0.15
596.8,4.57,0.09
597,4.77,0.07
597.2,4.27,0.06
597.4,4.27,0.06
597.6,4.45,0.06
597.8,4.57,0.08
598,4.27,0.06
598.2,4.27,0.06
598.4,4.12,0.05
598.6,4.41,0.06
598.8,4.19,0.04
599,4.19,0.04
599.2,4.12,0.07
599.4,4.58,0.13
599.6,4.51,0.16
599.8,4.12,0.15
600,4.12,0.15
600.2,4.69,0.17
600.4,4.56,0.17
600.6,4.02,0.17
600.8,4.02,0.17
601,4.55,0.15
601.2,4.46,0.02
601.4,3.8,0.04
601.6,3.8,0.04
601.8,4.68,0.06
602,4.14,0.09
602.2,5.19,0.13
602.4,5.19,0.13
602.6,5.53,0.13
602.8,5.49,0.15
603,4.68,0.16
603.2,4.68,0.16
603.4,5.09,0.16
603.6,5.56,0.16
603.8,4.78,0.13
604,4.78,0.13
604.2,5.08,0.09
604.4,5.49,0.06
604.6,4.67,0.06
604.8,4.67,0.06
605,4.9,0.06
605.2,5.3,0.06
605.4,4.64,0.05
605.6,4.74,0.05
605.8,4.74,0.12
606,4.64,0.14
606.2,5.27,0.15
606.4,4.78,0.15
606.6,4.78,0.15
606.8,4.53,0.15
607,5.45,0.15
607.2,5.07,0.16
607.4,5.07,0.16
607.6,4.62,0.14
607.8,5.45,0.1
608,5.14,0.06
608.2,5.14,0.06
608.4,4.55,0.03
608.6,4.92,0.03
608.8,5.5,0.06
609,5.5,0.06
609.2,4.43,0.07
609.4,4.96,0.09
609.6,5.27,0.15
609.8,5.27,0.15
610,4.55,0.15
610.2,5.02,0.16
610.4,5.49,0.17
610.6,5.49,0.17
610.8,4.66,0.15
611,4.98,0.16
611.2,5.43,0.1
611.4,5.43,0.1
611.6,4.55,0.04
611.8,4.64,0.04
612,5.28,0.07
612.2,4.6,0.06
612.4,4.6,0.06
612.6,4.39,0.05
612.8,5.23,0.11
613,4.81,0.14
613.2,4.81,0.14
613.4,4.53,0.14
613.6,5.34,0.15
613.8,5.01,0.15
614,5.01,0.15
614.2,4.6,0.11
614.4,5.18,0.13
614.6,4.89,0.08
614.8,4.89,0.08
615,2.3,0.07
615.2,2.66,0.11
615.4,0.4,0.11
615.6,0.4,0.11
615.8,2.25,0.06
616,3,0.06
616.2,3.01,0.06
616.4,3.01,0.06
616.6,3.01,0.09
616.8,3,0.09
617,2.99,0.09
617.2,2.99,0.09
617.4,2.99,0.14
617.6,2.98,0.15
617.8,4.14,0.14
618,3.78,0.16
618.2,3.78,0.16
618.4,3.86,0.16
618.6,3.27,0.1
618.8,2.71,0.08
619,2.71,0.08
619.2,2.69,0.08
619.4,2.78,0.06
619.6,4.38,0.06
619.8,4.38,0.06
620,3.92,0.06
620.2,4.01,0.06
620.4,3.98,0.05
620.6,3.98,0.05
620.8,4.25,0.08
621,4.71,0.16
621.2,4.63,0.15
621.4,4.63,0.15
621.6,4.81,0.14
621.8,5.11,0.03
622,5.34,0.12
622.2,5.34,0.12
622.4,4.88,0.14
622.6,4.73,0.1
622.8,4.96,0.05
623,4.96,0.05
623.2,5.63,0.06
623.4,4.7,0.06
623.6,4.93,0.14
623.8,4.93,0.14
624,5.07,0.15
624.2,4.49,0.16
624.4,4.62,0.16
624.6,5.01,0.16
624.8,5.01,0.16
625,4.61,0.14
625.2,4.44,0.09
625.4,5.06,0.08
625.6,5.06,0.08
625.8,4.81,0.07
626,4.4,0.07
626.2,4.95,0.06
626.4,4.95,0.06
626.6,4.7,0.06
626.8,4.46,0.08
627,3.91,0.08
627.2,3.91,0.08
627.4,4.35,0.05
627.6,3.96,0.05
627.8,3.65,0.06
628,3.65,0.06
628.2,3.48,0.04
628.4,4.22,0.05
628.6,4.25,0.07
628.8,4.25,0.07
629,4.25,0.12
629.2,4.68,0.08
629.4,5.18,0.08
629.6,5.18,0.08
629.8,5.18,0.13
630,4.96,0.14
630.2,4.79,0.12
630.4,4.46,0.08
630.6,4.46,0.08
630.8,4.53,0.08
631,4.54,0.06
631.2,5.42,0.06
631.4,5.42,0.06
631.6,5.01,0.03
631.8,4.97,0.05
632,5.18,0.03
632.2,5.18,0.03
632.4,4.21,0.05
632.6,4.31,0.16
632.8,4.29,0.19
633,4.29,0.19
633.2,4.28,0.14
633.4,4.27,0.12
633.6,4.27,0.06
633.8,4.27,0.06
634,4.27,0.06
634.2,3.99,0.09
634.4,2.52,0.08
634.6,2.52,0.08
634.8,0.75,0.06
635,4.42,0.15
635.2,5.16,0.16
635.4,5.16,0.16
635.6,5.33,0.15
635.8,4.7,0.09
636,4.93,0.07
636.2,4.93,0.07
636.4,5.19,0.07
636.6,4.47,0.06
636.8,4.56,0.05
637,4.98,0.06
637.2,4.98,0.06
637.4,4.57,0.06
637.6,4.46,0.09
637.8,5,0.14
638,5,0.14
638.2,4.73,0.15
638.4,4.48,0.15
638.6,5.05,0.16
638.8,5.05,0.16
639,4.79,0.16
639.2,4.78,0.13
639.4,4.34,0.09
639.6,4.34,0.09
639.8,4.94,0.06
640,4.71,0.06
640.2,4.16,0.05
640.4,4.16,0.05
640.6,4.74,0.06
640.8,4.71,0.06
641,4.15,0.05
641.2,4.15,0.05
641.4,4.29,0.05
641.6,4.97,0.05
641.8,4.36,0.05
642,4.36,0.05
642.2,4.6,0.1
642.4,4.97,0.15
642.6,4.34,0.08
642.8,4.54,0.16
643,4.54,0.16
643.2,4.86,0.1
643.4,4.31,0.05
643.6,4.34,0.06
643.8,4.34,0.06
644,4.82,0.04
644.2,4.44,0.02
644.4,4.21,0.05
644.6,4.21,0.05
644.8,4.91,0.09
645,4.6,0.13
645.2,4.26,0.15
645.4,4.26,0.15
645.6,4.89,0.15
645.8,4.65,0.16
646,4.23,0.17
646.2,4.23,0.17
646.4,4.72,0.11
646.6,4.63,0.09
646.8,4.15,0.08
647,4.15,0.08
647.2,4.59,0.06
647.4,4.48,0.06
647.6,5.09,0.06
647.8,5.09,0.06
648,5.23,0.06
648.2,5.6,0.07
648.4,4.82,0.1
648.6,4.82,0.1
648.8,4.93,0.13
649,5.52,0.15
649.2,4.59,0.15
649.4,4.69,0.16
649.6,4.69,0.16
649.8,5.21,0.16
650,4.64,0.16
650.2,4.5,0.1
650.4,4.5,0.1
650.6,5.18,0.07
650.8,4.88,0.05
651,4.57,0.06
651.2,4.57,0.06
651.4,5.4,0.05
651.6,5.05,0.06
651.8,4.59,0.1
652,4.59,0.1
652.2,5.35,0.12
652.4,5.03,0.15
652.6,4.41,0.07
652.8,4.41,0.07
653,5.04,0.15
653.2,5.12,0.2
653.4,4.42,0.18
653.6,4.42,0.18
653.8,4.77,0.1
654,6.05,0.11
654.2,4.59,0.08
654.4,4.59,0.08
654.6,4.99,0.06
654.8,5.49,0.07
655,4.67,0.05
655.2,4.87,0.09
655.4,4.87,0.09
655.6,5.07,0.12
655.8,5.27,0.15
656,4.59,0.16
656.2,4.59,0.16
656.4,4.57,0.16
656.6,5.12,0.15
656.8,4.76,0.16
657,4.76,0.16
657.2,4.42,0.11
657.4,5.32,0.08
657.6,4.93,0.07
657.8,4.93,0.07
658,4.56,0.05
658.2,5.27,0.06
658.4,5.03,0.07
658.6,5.03,0.07
658.8,4.35,0.09
659,5.02,0.09
659.2,4.96,0.13
659.4,4.96,0.13
659.6,4.13,0.15
659.8,4.87,0.15
660,5.07,0.17
660.2,5.07,0.17
660.4,4.29,0.15
660.6,1.63,0.16
660.8,2.22,0.16
661,2.22,0.16
661.2,0.24,0.1
661.4,0.9,0.08
661.6,2.96,0.1
661.8,2.98,0.06
662,2.98,0.06
662.2,2.98,0.05
662.4,2.98,0.09
662.6,2.98,0.07
662.8,2.98,0.07
663,2.96,0.05
663.2,3.01,0.04
663.4,4.22,0.15
663.6,4.22,0.15
663.8,4.5,0.13
664,4.53,0.16
664.2,2.79,0.16
664.4,2.79,0.16
664.6,2.72,0.19
664.8,2.7,0.18
665,2.89,0.12
665.2,2.89,0.12
665.4,4.38,0.08
665.6,4.42,0.07
665.8,4.44,0.11
666,4.44,0.11
666.2,4.45,0.06
666.4,4.89,0.06
666.6,5.65,0.08
666.8,5.65,0.08
667,5.19,0.05
667.2,5.7,0.03
667.4,5.56,0.06
667.6,4.8,0.09
667.8,4.8,0.09
668,4.99,0.13
668.2,4.7,0.16
668.4,5.2,0.07
668.6,5.2,0.07
668.8,4.98,0.09
669,5.53,0.11
669.2,4.99,0.11
669.4,4.99,0.11
669.6,4.85,0.14
669.8,5.4,0.15
670,4.91,0.16
670.2,4.91,0.16
670.4,4.68,0.16
670.6,5.16,0.15
670.8,4.83,0.16
671,4.83,0.16
671.2,4.47,0.13
671.4,5.11,0.08
671.6,5.19,0.06
671.8,5.19,0.06
672,4.84,0.06
672.2,5.1,0.06
672.4,5.15,0.07
672.6,5.15,0.07
672.8,4.02,0.06
673,4.25,0.07
673.2,4.21,0.04
673.4,4.21,0.04
673.6,3.92,0.1
673.8,4.14,0.05
674,4.29,0.04
674.2,4.3,0.12
674.4,4.3,0.12
674.6,4.29,0.16
674.8,4.83,0.15
675,5.38,0.12
675.2,5.38,0.12
675.4,5.12,0.12
675.6,5.14,0.13
675.8,4.94,0.13
676,4.94,0.13
676.2,4.39,0.14
676.4,4.6,0.14
676.6,4.6,0.11
676.8,4.6,0.11
677,5.31,0.06
677.2,4.2,0.05
677.4,4.54,0.06
677.6,4.54,0.06
677.8,4.41,0.05
678,3.42,0.05
678.2,3.79,0.05
678.4,3.79,0.05
678.6,3.87,0.09
678.8,3.8,0.06
679,3.85,0.1
679.2,3.85,0.1
679.4,3.88,0.13
679.6,3.78,0.11
679.8,2.92,0.14
680,2.29,0.13
680.2,2.29,0.13
680.4,0.77,0.05
680.6,5.63,0.12
680.8,5.54,0.15
681,5.54,0.15
681.2,4.94,0.15
681.4,5.03,0.16
681.6,5.39,0.15
681.8,5.39,0.15
682,4.92,0.09
682.2,4.82,0.06
682.4,5.37,0.07
682.6,5.37,0.07
682.8,4.84,0.06
683,4.42,0.06
683.2,5.05,0.05
683.4,5.05,0.05
683.6,4.77,0.07
683.8,4.41,0.07
684,5.05,0.15
684.2,5.05,0.15
684.4,4.95,0.15
684.6,4.56,0.15
684.8,4.94,0.17
685,4.94,0.17
685.2,4.96,0.16
685.4,4.51,0.13
685.6,4.71,0.08
685.8,4.71,0.08
686,4.97,0.05
686.2,4.23,0.06
686.4,4.52,0.07
686.6,4.55,0.06
686.8,4.55,0.06
687,5.2,0.05
687.2,5.16,0.07
687.4,5.8,0.11
687.6,5.8,0.11
687.8,5.06,0.15
688,5.09,0.15
688.2,5.84,0.16
688.4,5.84,0.16
688.6,5.27,0.16
688.8,5,0.16
689,5.5,0.13
689.2,5.5,0.13
689.4,5.76,0.07
689.6,5.28,0.07
689.8,4.93,0.06
690,4.93,0.06
690.2,5.65,0.07
690.4,5.35,0.08
690.6,5.07,0.06
690.8,5.07,0.06
691,5.43,0.08
691.2,5.45,0.1
691.4,4.84,0.14
691.6,4.84,0.14
691.8,5.39,0.15
692,5.78,0.15
692.2,4.94,0.16
692.4,5.39,0.16
692.6,5.39,0.14
692.8,5.75,0.1
693,4.98,0.06
693.2,5.26,0.06
693.4,5.26,0.06
693.6,5.23,0.07
693.8,4.98,0.07
694,5.07,0.02
694.2,5.07,0.02
694.4,5.14,0.04
694.6,4.98,0.1
694.8,5.67,0.14
695,5.67,0.14
695.2,5.08,0.17
695.4,5.08,0.19
695.6,5.4,0.17
695.8,5.4,0.17
696,4.8,0.16
696.2,5.21,0.15
696.4,5.26,0.09
696.6,5.26,0.09
696.8,4.82,0.11
697,5.09,0.07
697.2,4.65,0.06
697.4,5.36,0.06
697.6,5.36,0.06
697.8,5.13,0.07
698,5.37,0.11
698.2,5.37,0.11
698.4,4.7,0.14
698.6,5.57,0.15
698.8,4.84,0.16
699,5.12,0.16
699.2,5.12,0.16
699.4,5.22,0.17
699.6,2.25,0.12
699.8,1.58,0.16
700,1.58,0.16
700.2,1.14,0.05
700.4,3.03,0.11
700.6,3.03,0.09
700.8,3.03,0.09
701,3.02,0.08
701.2,3.01,0.06
701.4,3,0.07
701.6,3,0.07
701.8,2.99,0.08
702,2.98,0.11
702.2,2.98,0.14
702.4,2.98,0.14
702.6,4.36,0.14
702.8,4,0.14
703,3.88,0.15
703.2,3.88,0.15
703.4,2.62,0.15
703.6,2.72,0.12
703.8,2.7,0.12
704,2.7,0.12
704.2,3.19,0.07
704.4,4.17,0.05
704.6,3.95,0.07
704.8,4.31,0.07
705,4.31,0.07
705.2,4.44,0.07
705.4,5.06,0.05
705.6,5.08,0.05
705.8,5.08,0.05
706,5.72,0.04
706.2,5.7,0.05
706.4,6.16,0.08
706.6,6.16,0.08
706.8,5.82,0.16
707,6.25,0.15
707.2,5.68,0.14
707.4,5.68,0.14
707.6,4.59,0.08
707.8,6.05,0.07
708,5.46,0.07
708.2,5.46,0.07
708.4,5.41,0.12
708.6,6.05,0.15
708.8,5.48,0.15
709,5.48,0.15
709.2,5.52,0.16
709.4,6.11,0.16
709.6,5.69,0.15
709.8,5.69,0.15
710,5.49,0.11
710.2,5.69,0.09
710.4,5.58,0.07
710.6,5.58,0.07
710.8,5.57,0.07
711,5.23,0.06
711.2,5.62,0.06
711.4,5.64,0.06
711.6,5.64,0.06
711.8,3.59,0.08
712,4.73,0.07
712.2,4.43,0.07
712.4,4.43,0.07
712.6,4.34,0.05
712.8,3.94,0.13
713,3.96,0.14
713.2,3.96,0.14
713.4,3.71,0.15
713.6,3.92,0.14
713.8,4.49,0.16
714,4.49,0.16
714.2,4.68,0.16
714.4,5.11,0.15
714.6,4.69,0.01
714.8,4.69,0.01
715,4.46,0.04
715.2,3.95,0.08
715.4,3.87,0.06
715.6,3.87,0.06
715.8,3.89,0.04
716,5.09,0.08
716.2,4.79,0.08
716.4,4.79,0.08
716.6,4.66,0.11
716.8,4.76,0.12
717,3.7,0.13
717.2,3.74,0.15
717.4,3.74,0.15
717.6,3.85,0.16
717.8,3.86,0.15
718,3.75,0.13
718.2,3.75,0.13
718.4,3.87,0.14
718.6,3.99,0.13
718.8,3.18,0.13
719,3.18,0.13
719.2,1.87,0.09
719.4,2.23,0.1
719.6,5.96,0.15
719.8,5.96,0.15
720,5.63,0.19
720.2,6.26,0.19
720.4,5.43,0.15
720.6,5.43,0.15
720.8,5.31,0.08
721,5.95,0.04
721.2,5.3,0.06
721.4,5.3,0.06
721.6,5.34,0.06
721.8,5.9,0.07
722,5.9,0.06
722.2,5.9,0.06
722.4,5.4,0.08
722.6,5.26,0.14
722.8,5.7,0.14
723,5.44,0.1
723.2,5.44,0.1
723.4,5.21,0.14
723.6,5.47,0.15
723.8,5.41,0.15
724,5.41,0.15
724.2,5.11,0.13
724.4,5.5,0.09
724.6,5.33,0.08
724.8,5.33,0.08
725,4.84,0.02
725.2,5.46,0.03
725.4,5.14,0.03
725.6,5.14,0.03
725.8,5.55,0.05
726,5.04,0.1
726.2,5.3,0.13
726.4,5.3,0.13
726.6,4.96,0.15
726.8,4.97,0.17
727,5.55,0.17
727.2,5.55,0.17
727.4,5.14,0.16
727.6,4.67,0.14
727.8,5.48,0.14
728,5.48,0.14
728.2,5.3,0.1
728.4,5.1,0.17
728.6,4.61,0.14
728.8,4.61,0.14
729,5.25,0.07
729.2,5.39,0.07
729.4,4.59,0.07
729.6,5.37,0.05
729.8,5.37,0.05
730,4.6,0.05
730.2,5.3,0.06
730.4,5.5,0.13
730.6,5.5,0.13
730.8,5.43,0.14
731,4.4,0.16
731.2,5.34,0.17
731.4,5.34,0.17
731.6,5.11,0.16
731.8,4.31,0.17
732,6.43,0.07
732.2,6.43,0.07
732.4,5.6,0.04
732.6,4.88,0.06
732.8,5.51,0.06
733,5.51,0.06
733.2,5.51,0.08
733.4,4.67,0.11
733.6,5.33,0.13
733.8,5.33,0.13
734,4.98,0.15
734.2,4.65,0.15
734.4,5.13,0.17
734.6,5.13,0.17
734.8,4.81,0.17
735,4.94,0.13
735.2,5.27,0.05
735.4,5.27,0.05
735.6,5.4,0.03
735.8,5.43,0.08
736,5.25,0.05
736.2,5.07,0.06
736.4,5.07,0.06
736.6,5.24,0.07
736.8,4.63,0.12
737,4.8,0.15
737.2,4.8,0.15
737.4,5.14,0.15
737.6,4.43,0.16
737.8,5.35,0.17
738,5.35,0.17
738.2,4.75,0.16
738.4,4.87,0.11
738.6,5.06,0.09
738.8,5.06,0.09
739,5.18,0.09
739.2,5.18,0.06
739.4,4.95,0.07
739.6,4.95,0.07
739.8,5.26,0.08
740,4.77,0.09
740.2,5.21,0.06
740.4,5.21,0.06
740.6,5.35,0.1
740.8,5.03,0.15
741,4.65,0.15
741.2,4.65,0.15
741.4,5.27,0.16
741.6,5.03,0.14
741.8,5.1,0.11
742,5.1,0.11
742.2,5.1,0.08
742.4,4.86,0.08
742.6,5.21,0.07
742.8,5.15,0.06
743,5.15,0.06
743.2,4.85,0.07
743.4,5.15,0.12
743.6,4.82,0.14
743.8,4.82,0.14
744,4.79,0.13
744.2,5.08,0.15
744.4,4.96,0.16
744.6,4.96,0.16
744.8,4.68,0.16
745,2.97,0.16
745.2,1.33,0.15
745.4,1.33,0.15
745.6,2.64,0.1
745.8,3.3,0.08
746,3.1,0.05
746.2,3.1,0.05
746.4,3.06,0.08
746.6,3.04,0.13
746.8,3.02,0.11
747,3.02,0.11
747.2,3.01,0.06
747.4,3,0.07
747.6,3.54,0.06
747.8,4.47,0.04
748,4.47,0.04
748.2,4.38,0.05
748.4,3.43,0.07
748.6,2.75,0.11
748.8,2.75,0.11
749,2.73,0.07
749.2,2.72,0.06
749.4,3.75,0.13
749.6,3.75,0.13
749.8,4.36,0.08
750,4.35,0.08
750.2,4.33,0.09
750.4,4.33,0.09
750.6,4.38,0.11
750.8,5.6,0.05
751,5.72,0.05
751.2,5.72,0.05
751.4,6.17,0.14
751.6,6.94,0.14
751.8,6.69,0.14
752,6.69,0.14
752.2,6.45,0.14
752.4,5.69,0.16
752.6,5.54,0.13
752.8,5.54,0.13
753,6.32,0.09
753.2,6.11,0.14
753.4,5.68,0.11
753.6,5.68,0.11
753.8,5.82,0.1
754,5.89,0.15
754.2,5.39,0.15
754.4,5.65,0.15
754.6,5.65,0.15
754.8,5.37,0.16
755,5.37,0.17
755.2,5.69,0.15
755.4,5.69,0.15
755.6,5.5,0.11
755.8,5.39,0.05
756,5.57,0.04
756.2,5.57,0.04
756.4,5.38,0.03
756.6,5.58,0.03
756.8,5.2,0.08
757,5.2,0.08
757.2,4.83,0.07
757.4,5.35,0.09
757.6,4.49,0.13
757.8,4.49,0.13
758,4.21,0.09
758.2,3.88,0.09
758.4,4.03,0.05
758.6,4.03,0.05
758.8,4.05,0.06
759,4.18,0.08
759.2,5.42,0.09
759.4,5.42,0.09
759.6,5.11,0.1
759.8,5.47,0.07
760,4.87,0.06
760.2,4.87,0.06
760.4,4.6,0.07
760.6,4.57,0.06
760.8,4.52,0.06
761,5.04,0.06
761.2,5.04,0.06
761.4,5.99,0.07
761.6,5.92,0.05
761.8,5.94,0.04
762,5.94,0.04
762.2,5.31,0.04
762.4,4.33,0.13
762.6,4.36,0.16
762.8,4.36,0.16
763,4.36,0.15
763.2,4.01,0.09
763.4,3.99,0.15
763.6,3.99,0.15
763.8,4.33,0.13
764,4.33,0.13
764.2,3.07,0.12
764.4,3.07,0.12
764.6,1.52,0.09
764.8,3.38,0.12
765,5.16,0.16
765.2,5.16,0.16
765.4,5.12,0.15
765.6,4.1,0.16
765.8,4.93,0.15
766,4.93,0.15
766.2,4.93,0.11
766.4,3.91,0.03
766.6,4.84,0.07
766.8,4.71,0.07
767,4.71,0.07
767.2,3.66,0.05
767.4,4.82,0.06
767.6,4.55,0.07
767.8,4.55,0.07
768,3.62,0.11
768.2,4.95,0.13
768.4,4.41,0.15
768.6,4.41,0.15
768.8,3.64,0.16
769,5.11,0.16
769.2,4.38,0.16
769.4,4.38,0.16
769.6,3.71,0.12
769.8,5.13,0.09
770,4.33,0.07
770.2,4.33,0.07
770.4,3.74,0.1
770.6,5.11,0.06
770.8,4.35,0.04
771,4.35,0.04
771.2,4.48,0.06
771.4,5.51,0.09
771.6,5.81,0.08
771.8,5.81,0.08
772,4.5,0.15
772.2,4.44,0.14
772.4,5.86,0.14
772.6,5.86,0.14
772.8,4.52,0.16
773,4.54,0.16
773.2,5.93,0.13
773.4,4.47,0.08
773.6,4.47,0.08
773.8,4.58,0.09
774,4.96,0.06
774.2,5.51,0.07
774.4,5.51,0.07
774.6,5.54,0.06
774.8,5.33,0.07
775,4.66,0.12
775.2,4.66,0.12
775.4,4.74,0.15
775.6,4.76,0.13
775.8,4.73,0.14
776,4.73,0.14
776.2,5.86,0.16
776.4,4.49,0.12
776.6,5.53,0.1
776.8,5.53,0.1
777,4.82,0.07
777.2,4.09,0.07
777.4,4.94,0.08
777.6,4.94,0.08
777.8,4.6,0.05
778,5.43,0.07
778.2,4.98,0.09
778.4,4.98,0.09
778.6,4.96,0.13
778.8,5.37,0.15
779,2.68,0.15
779.2,3.51,0.15
779.4,3.51,0.15
779.6,3.67,0.15
779.8,3.75,0.16
780,3.85,0.16
780.2,3.85,0.16
780.4,3.94,0.1
780.6,3.83,0.09
780.8,3.95,0.07
781,3.95,0.07
781.2,4.13,0.07
781.4,4.05,0.06
781.6,3.99,0.03
781.8,3.99,0.03
782,3.89,0.07
782.2,3.98,0.15
782.4,4.05,0.14
782.6,4.05,0.14
782.8,4.02,0.16
783,3.99,0.15
783.2,3.98,0.16
783.4,3.98,0.16
783.6,4.12,0.15
783.8,3.64,0.13
784,2.49,0.08
784.2,2.49,0.08
784.4,0.97,0.14
784.6,0.44,0.08
784.8,2.92,0.06
785,2.92,0.06
785.2,2.95,0.06
785.4,2.95,0.06
785.6,2.95,0.06
785.8,2.95,0.06
786,2.95,0.06
786.2,2.94,0.07
786.4,2.94,0.08
786.6,3.19,0.04
786.8,3.19,0.04
787,4.6,0.02
787.2,4.48,0.14
787.4,3.8,0.12
787.6,3.8,0.12
787.8,2.72,0.06
788,2.68,0.11
788.2,2.68,0.1
788.4,2.68,0.1
788.6,2.68,0.12
788.8,3.39,0.12
789,4.39,0.07
789.2,4.39,0.07
789.4,4.42,0.07
789.6,4.44,0.06
789.8,4.45,0.04
790,4.45,0.04
790.2,5.01,0.04
790.4,4.4,0.14
790.6,4.19,0.15
790.8,4.19,0.15
791,4.42,0.15
791.2,4.26,0.15
791.4,4.26,0.14
791.6,4.02,0.09
791.8,4.02,0.09
792,3.89,0.05
792.2,4.73,0.06
792.4,3.78,0.06
792.6,3.78,0.06
792.8,4.03,0.09
793,4.17,0.19
793.2,3.92,0.18
793.4,3.92,0.18
793.6,3.92,0.19
793.8,4.17,0.18
794,4.02,0.12
794.2,4.02,0.12
794.4,4.06,0.08
794.6,4.24,0.06
794.8,4.04,0.06
795,4.04,0.06
795.2,3.88,0.06
795.4,4.03,0.06
795.6,3.69,0.06
795.8,3.69,0.06
796,4.02,0.07
796.2,4.03,0.08
796.4,5.19,0.1
796.6,5.19,0.1
796.8,4.82,0.1
797,4.42,0.13
797.2,4.06,0.06
797.4,4.06,0.06
797.6,4.27,0.09
797.8,4.27,0.18
798,4.27,0.15
798.2,4.83,0.14
798.4,4.83,0.14
798.6,4.06,0.11
798.8,3.98,0.07
799,3.86,0.07
799.2,3.86,0.07
799.4,3.64,0.08
799.6,3.88,0.06
799.8,3.68,0.05
800,3.68,0.05
800.2,3.97,0.05
800.4,4.05,0.07
800.6,3.87,0.1
800.8,3.87,0.1
801,3.98,0.07
801.2,3.82,0.15
801.4,4.01,0.15
801.6,4.01,0.15
801.8,4.23,0.15
802,4.24,0.14
802.2,4.24,0.12
802.4,4.24,0.12
802.6,4.24,0.14
802.8,4.24,0.13
803,4.25,0.08
803.2,4.25,0.08
803.4,2.68,0.08
803.6,1.84,0.05
803.8,2.79,0.05
804,4.55,0.14
804.2,4.55,0.14
804.4,4.52,0.16
804.6,4.36,0.16
804.8,4.32,0.13
805,4.32,0.13
805.2,3.89,0.09
805.4,4.15,0.07
805.6,4.19,0.06
805.8,4.19,0.06
806,3.94,0.06
806.2,4.21,0.05
806.4,4.22,0.06
806.6,4.22,0.06
806.8,3.94,0.07
807,4.22,0.14
807.2,4.18,0.16
807.4,4.18,0.16
807.6,3.91,0.03
807.8,4.12,0.1
808,4.12,0.16
808.2,4.12,0.16
808.4,3.83,0.14
808.6,4.09,0.12
808.8,4.14,0.1
809,4.14,0.1
809.2,3.94,0.1
809.4,3.95,0.07
809.6,4.2,0.06
809.8,4.2,0.06
810,4.01,0.07
810.2,4,0.07
810.4,4.09,0.12
810.6,4.02,0.14
810.8,4.02,0.14
811,3.8,0.14
811.2,4.14,0.15
811.4,4.03,0.14
811.6,4.03,0.14
811.8,3.79,0.16
812,4.04,0.11
812.2,4.08,0.08
812.4,4.08,0.08
812.6,3.94,0.05
812.8,4.09,0.07
813,4.09,0.06
813.2,4.09,0.06
813.4,3.84,0.07
813.6,4,0.05
813.8,4.1,0.05
814,4.1,0.05
814.2,3.71,0.1
814.4,4.04,0.13
814.6,4.08,0.14
814.8,4.08,0.14
815,3.73,0.14
815.2,4.03,0.16
815.4,4.17,0.16
815.6,4.17,0.16
815.8,3.96,0.15
816,3.95,0.08
816.2,4.62,0.06
816.4,4.57,0.06
816.6,4.57,0.06
816.8,4.26,0.05
817,4.52,0.07
817.2,4.52,0.06
817.4,4.52,0.06
817.6,4.19,0.06
817.8,4.53,0.08
818,4.52,0.02
818.2,4.52,0.02
818.4,4.2,0.15
818.6,4.58,0.15
818.8,4.56,0.16
819,4.56,0.16
819.2,4.22,0.17
819.4,4.55,0.16
819.6,4.61,0.1
819.8,4.61,0.1
820,4.4,0.1
820.2,4.62,0.03
820.4,4.57,0.06
820.6,4.57,0.06
820.8,4.1,0.07
821,4.34,0.06
821.2,4.37,0.07
821.4,4.37,0.07
821.6,4.19,0.13
821.8,4.11,0.13
822,4.35,0.14
822.2,4.35,0.14
822.4,4.55,0.13
822.6,4.39,0.17
822.8,3.79,0.15
823,6.21,0.11
823.2,6.21,0.11
823.4,4.44,0.08
823.6,4.29,0.05
823.8,4.55,0.04
824,4.55,0.04
824.2,4.41,0.02
824.4,4.02,0.03
824.6,4.35,0.06
824.8,4.35,0.06
825,4.4,0.13
825.2,4.05,0.14
825.4,4.54,0.15
825.6,4.54,0.15
825.8,4.65,0.16
826,4.18,0.15
826.2,4.77,0.16
826.4,4.77,0.16
826.6,4.71,0.13
826.8,4.21,0.08
827,4.54,0.09
827.2,4.54,0.09
827.4,4.47,0.07
827.6,4.12,0.06
827.8,4.37,0.07
828,4.37,0.07
828.2,4.51,0.04
828.4,4.31,0.05
828.6,4.48,0.09
828.8,4.76,0.09
829,4.76,0.13
829.2,4.11,0.15
829.4,2.91,0.13
829.6,2.87,0.14
829.8,2.87,0.14
830,3.03,0.16
830.2,3.01,0.16
830.4,2.99,0.15
830.6,2.99,0.15
830.8,2.98,0.15
831,2.97,0.12
831.2,2.97,0.12
831.4,2.97,0.12
831.6,2.95,0.08
831.8,2.95,0.06
832,3.67,0.05
832.2,3.67,0.05
832.4,4.44,0.07
832.6,4.27,0.06
832.8,2.72,0.05
833,2.72,0.05
833.2,4.15,0
